STATION,NAME,LATITUDE,LONGITUDE,ELEVATION,DATE,CDSD,CLDD,DP01,DP10,DSND,DSNW,DT00,DT32,DX32,DX70,DX90,EMNT,EMSD,EMSN,EMXP,EMXT,HDSD,HTDD,PRCP,SNOW,TAVG,TMAX,TMIN
USC00291480,"CARLSBAD CAVERNS, NM US",32.1783,-104.4433,1351.8,1975-01,0,0,4,2,,0,0,17,0,5,0,9,,0,0.2,79,2100,667,0.5,0,43.5,56.8,30.1
USC00291480,"CARLSBAD CAVERNS, NM US",32.1783,-104.4433,1351.8,1975-02,0,0,7,5,0,0,0,11,1,2,0,17,0,0,0.34,74,2630,531,1.24,0,46.1,58.7,33.4
USC00291480,"CARLSBAD CAVERNS, NM US",32.1783,-104.4433,1351.8,1975-03,7,7,3,1,0,0,0,7,1,14,0,22,0,0,0.21,80,3030,400,0.26,0,51.9,64.6,39.2
USC00291480,"CARLSBAD CAVERNS, NM US",32.1783,-104.4433,1351.8,1975-04,53,46,3,1,0,0,0,0,0,19,0,36,0,0,0.11,88,3237,207,0.18,0,59.4,71.3,47.4
USC00291480,"CARLSBAD CAVERNS, NM US",32.1783,-104.4433,1351.8,1975-05,148,95,3,3,0,0,0,0,0,30,0,45,0,0,0.53,88,3262,25,1.06,0,67.3,80,54.6
USC00291480,"CARLSBAD CAVERNS, NM US",32.1783,-104.4433,1351.8,1975-06,,,6,4,0,0,,,0,30,18,,0,0,0.42,98,,,1.02,0,,90.6,
USC00291480,"CARLSBAD CAVERNS, NM US",32.1783,-104.4433,1351.8,1975-07,,190,13,5,0,0,0,0,0,30,2,53,0,0,0.83,92,0,0,3.11,0,71.3,82.6,60.1
USC00291480,"CARLSBAD CAVERNS, NM US",32.1783,-104.4433,1351.8,1975-08,,323,5,2,0,0,0,0,0,31,6,58,0,0,0.73,93,0,0,0.99,0,75.4,86.2,64.7
USC00291480,"CARLSBAD CAVERNS, NM US",32.1783,-104.4433,1351.8,1975-09,,141,9,5,0,0,0,0,0,25,1,43,0,0,1.28,90,68,68,3.17,0,67.4,77.4,57.3
USC00291480,"CARLSBAD CAVERNS, NM US",32.1783,-104.4433,1351.8,1975-10,,97,1,0,0,0,0,0,0,25,1,40,0,0,0.04,90,147,79,0.04,0,65.7,77.3,54.1
USC00291480,"CARLSBAD CAVERNS, NM US",32.1783,-104.4433,1351.8,1975-11,,,1,0,0,0,,,0,15,0,,0,0,0.05,83,,,0.05,0,,67.3,
USC00291480,"CARLSBAD CAVERNS, NM US",32.1783,-104.4433,1351.8,1975-12,,,4,1,2,1,,,0,7,0,,1,1.5,0.64,76,,,0.76,2,,58.4,
USC00291480,"CARLSBAD CAVERNS, NM US",32.1783,-104.4433,1351.8,1976-01,0,0,2,2,1,1,0,12,0,2,0,17,1,1,0.15,72,,572,0.26,1,44.6,55.7,33.4
USC00291480,"CARLSBAD CAVERNS, NM US",32.1783,-104.4433,1351.8,1976-02,,,1,0,0,0,,,1,15,0,,0,0,0.01,80,,,0.01,0,,67.1,
USC00291480,"CARLSBAD CAVERNS, NM US",32.1783,-104.4433,1351.8,1976-03,,14,2,0,0,0,0,5,0,13,0,28,0,0,0.09,80,,319,0.11,0,55.1,67,43.2
USC00291480,"CARLSBAD CAVERNS, NM US",32.1783,-104.4433,1351.8,1976-04,,43,5,3,0,0,0,0,0,23,0,37,0,0,0.56,85,,97,1.17,0,62.9,74.6,51.3
USC00291480,"CARLSBAD CAVERNS, NM US",32.1783,-104.4433,1351.8,1976-05,,113,5,4,0,0,0,0,0,24,1,40,0,0,0.81,91,,98,2.38,0,65.5,76.6,54.3
USC00291480,"CARLSBAD CAVERNS, NM US",32.1783,-104.4433,1351.8,1976-06,,319,6,2,0,0,0,0,0,30,12,56,0,0,0.49,98,,0,0.78,0,75.6,88.5,62.8
USC00291480,"CARLSBAD CAVERNS, NM US",32.1783,-104.4433,1351.8,1976-07,,235,13,8,0,0,0,0,0,31,1,58,0,0,2.17,90,0,0,5.16,0,72.6,82.9,62.2
USC00291480,"CARLSBAD CAVERNS, NM US",32.1783,-104.4433,1351.8,1976-08,,354,3,1,0,0,0,0,0,31,12,59,0,0,0.18,97,0,0,0.2,0,76.4,88,64.9
USC00291480,"CARLSBAD CAVERNS, NM US",32.1783,-104.4433,1351.8,1976-09,,126,10,7,0,0,0,0,0,27,0,43,0,0,1.66,87,47,47,6.4,0,67.6,77.3,58
USC00291480,"CARLSBAD CAVERNS, NM US",32.1783,-104.4433,1351.8,1976-10,,14,6,5,2,2,0,4,0,17,0,29,3,3,0.78,81,338,290,1.33,4,56.1,67.1,45.1
USC00291480,"CARLSBAD CAVERNS, NM US",32.1783,-104.4433,1351.8,1976-11,,0,4,3,2,3,0,9,2,3,0,8,3,4,0.49,74,842,504,1.04,8,45.8,56.5,35.2
USC00291480,"CARLSBAD CAVERNS, NM US",32.1783,-104.4433,1351.8,1976-12,,0,0,0,0,0,0,12,0,0,0,13,0,0,0,67,1418,576,0,0,44.4,55.5,33.4
USC00291480,"CARLSBAD CAVERNS, NM US",32.1783,-104.4433,1351.8,1977-01,0,0,1,1,2,1,0,16,1,0,0,8,3,2.6,0.47,66,2192,773,0.47,2.6,40,50.9,29.2
USC00291480,"CARLSBAD CAVERNS, NM US",32.1783,-104.4433,1351.8,1977-02,0,0,4,0,0,0,0,9,0,6,0,27,0,0.5,0.06,76,2634,442,0.13,0.5,48.6,60.3,36.9
USC00291480,"CARLSBAD CAVERNS, NM US",32.1783,-104.4433,1351.8,1977-03,0,0,3,3,2,2,0,3,0,9,0,24,3,2,0.9,78,2992,359,1.28,3,52.5,64.2,40.8
USC00291480,"CARLSBAD CAVERNS, NM US",32.1783,-104.4433,1351.8,1977-04,15,15,4,1,0,0,0,0,0,19,0,33,0,0,1.43,83,3130,137,1.56,0,60.9,72.4,49.4
USC00291480,"CARLSBAD CAVERNS, NM US",32.1783,-104.4433,1351.8,1977-05,186,171,8,4,0,0,0,0,0,31,2,47,0,0,0.73,97,3134,4,1.69,0,70.7,82.4,58.9
USC00291480,"CARLSBAD CAVERNS, NM US",32.1783,-104.4433,1351.8,1977-06,577,390,3,1,0,0,0,0,0,30,18,54,0,0,0.86,104,3134,0,0.92,0,78,91.1,64.9
USC00291480,"CARLSBAD CAVERNS, NM US",32.1783,-104.4433,1351.8,1977-07,1008,431,4,1,0,0,0,0,0,30,26,60,0,0,0.21,97,0,0,0.28,0,79.4,92,66.8
USC00291480,"CARLSBAD CAVERNS, NM US",32.1783,-104.4433,1351.8,1977-08,1461,454,8,5,0,0,0,0,0,31,23,61,0,0,0.47,100,0,0,1.12,0,79.6,92.7,66.6
USC00291480,"CARLSBAD CAVERNS, NM US",32.1783,-104.4433,1351.8,1977-09,1823,362,6,0,0,0,0,0,0,29,14,57,0,0,0.07,95,0,0,0.2,0,77.5,89.6,65.4
USC00291480,"CARLSBAD CAVERNS, NM US",32.1783,-104.4433,1351.8,1977-10,1873,49,8,6,0,0,0,0,0,22,1,41,0,0,1.17,94,93,93,2.74,0,63.6,73.5,53.7
USC00291480,"CARLSBAD CAVERNS, NM US",32.1783,-104.4433,1351.8,1977-11,1873,0,1,0,0,0,0,3,0,10,0,29,0,0,0.09,79,394,302,0.09,0,54.6,66.8,42.4
USC00291480,"CARLSBAD CAVERNS, NM US",32.1783,-104.4433,1351.8,1977-12,1873,0,0,0,0,0,0,13,0,10,0,20,0,0,0,74,875,481,0,0,48.3,62.5,34.1
USC00291480,"CARLSBAD CAVERNS, NM US",32.1783,-104.4433,1351.8,1978-01,0,0,4,1,1,0,0,21,4,0,0,16,2,0,0.11,68,1639,764,0.15,0,40.4,52.2,28.5
USC00291480,"CARLSBAD CAVERNS, NM US",32.1783,-104.4433,1351.8,1978-02,0,0,6,2,0,0,0,15,0,0,0,19,0,0,0.39,68,2270,630,0.61,0,41.6,53.4,29.9
USC00291480,"CARLSBAD CAVERNS, NM US",32.1783,-104.4433,1351.8,1978-03,,,3,2,1,0,,,1,13,0,,1,0,0.31,85,,,0.47,0,,66.6,
USC00291480,"CARLSBAD CAVERNS, NM US",32.1783,-104.4433,1351.8,1978-04,,45,1,1,0,0,0,1,0,26,0,32,0,0,0.51,87,,104,0.51,0,63.1,78.7,47.4
USC00291480,"CARLSBAD CAVERNS, NM US",32.1783,-104.4433,1351.8,1978-05,,190,6,5,0,0,0,0,0,29,3,34,0,0,0.65,94,,51,1.86,0,69.5,81.2,57.8
USC00291480,"CARLSBAD CAVERNS, NM US",32.1783,-104.4433,1351.8,1978-06,,373,8,6,0,0,0,0,0,30,17,51,0,0,1.1,102,,4,2.56,0,77.3,90.3,64.3
USC00291480,"CARLSBAD CAVERNS, NM US",32.1783,-104.4433,1351.8,1978-07,,461,4,3,0,0,0,0,0,31,23,60,0,0,0.45,102,0,0,1.01,0,79.9,91.3,68.4
USC00291480,"CARLSBAD CAVERNS, NM US",32.1783,-104.4433,1351.8,1978-08,,353,9,3,0,0,0,0,0,31,14,56,0,0,1.28,97,0,0,1.89,0,76.4,87.6,65.2
USC00291480,"CARLSBAD CAVERNS, NM US",32.1783,-104.4433,1351.8,1978-09,,154,13,10,0,0,0,0,0,22,2,45,0,0,4.2,91,73,73,12.37,0,67.8,76.7,58.8
USC00291480,"CARLSBAD CAVERNS, NM US",32.1783,-104.4433,1351.8,1978-10,,49,4,2,0,0,0,0,0,19,0,35,0,0,0.64,85,247,175,1.31,0,60.9,71.2,50.7
USC00291480,"CARLSBAD CAVERNS, NM US",32.1783,-104.4433,1351.8,1978-11,,0,14,4,0,0,0,4,0,4,0,29,0,0,0.52,76,669,422,1.4,0,50.5,58.4,42.5
USC00291480,"CARLSBAD CAVERNS, NM US",32.1783,-104.4433,1351.8,1978-12,,0,2,1,,0,0,17,4,2,0,9,,0.6,0.51,72,1381,711,0.57,0.6,42,52.2,31.8
USC00291480,"CARLSBAD CAVERNS, NM US",32.1783,-104.4433,1351.8,1979-01,0,0,5,1,0,0,0,24,4,1,0,2,0,0,0.13,70,2281,900,0.32,0,36,45.6,26.3
USC00291480,"CARLSBAD CAVERNS, NM US",32.1783,-104.4433,1351.8,1979-02,2,2,2,1,1,0,0,12,1,4,0,16,3,0,0.17,79,2839,557,0.21,0,45.2,56.1,34.2
USC00291480,"CARLSBAD CAVERNS, NM US",32.1783,-104.4433,1351.8,1979-03,2,0,2,0,0,0,0,2,0,7,0,26,0,0,0.08,76,3242,403,0.12,0,52,62,42
USC00291480,"CARLSBAD CAVERNS, NM US",32.1783,-104.4433,1351.8,1979-04,38,36,1,0,0,0,0,1,0,20,0,30,0,0,0.02,86,3390,148,0.02,0,61.1,73.5,48.8
USC00291480,"CARLSBAD CAVERNS, NM US",32.1783,-104.4433,1351.8,1979-05,144,106,5,3,0,0,0,0,0,26,0,37,0,0,0.68,89,3450,61,1.65,0,66.5,78.6,54.3
USC00291480,"CARLSBAD CAVERNS, NM US",32.1783,-104.4433,1351.8,1979-06,405,261,7,3,0,0,0,0,0,27,14,50,0,0,1.01,96,3471,21,2.09,0,73,83.9,62.2
USC00291480,"CARLSBAD CAVERNS, NM US",32.1783,-104.4433,1351.8,1979-07,790,385,11,7,0,0,0,0,0,29,18,58,0,0,1.72,101,5,5,3.5,0,77.3,90,64.5
USC00291480,"CARLSBAD CAVERNS, NM US",32.1783,-104.4433,1351.8,1979-08,1059,268,8,6,0,0,0,0,0,31,4,56,0,0,1.14,93,5,0,3.5,0,73.7,84.8,62.5
USC00291480,"CARLSBAD CAVERNS, NM US",32.1783,-104.4433,1351.8,1979-09,1313,254,3,2,0,0,0,0,0,26,6,40,0,0,0.53,93,62,57,0.89,0,71.6,82.1,61
USC00291480,"CARLSBAD CAVERNS, NM US",32.1783,-104.4433,1351.8,1979-10,1471,158,1,0,0,0,0,0,0,28,7,34,0,0,0.02,93,145,83,0.02,0,67.4,80.2,54.6
USC00291480,"CARLSBAD CAVERNS, NM US",32.1783,-104.4433,1351.8,1979-11,1471,0,0,0,0,0,0,9,0,7,0,21,0,0,0,77,610,465,0,0,48.6,60,37.2
USC00291480,"CARLSBAD CAVERNS, NM US",32.1783,-104.4433,1351.8,1979-12,1471,0,3,2,0,0,0,10,0,4,0,16,0,0,0.32,74,1179,569,0.63,0,46.6,56.6,36.7
USC00291480,"CARLSBAD CAVERNS, NM US",32.1783,-104.4433,1351.8,1980-01,0,0,1,1,,1,0,16,0,2,0,22,,2,0.43,74,1750,571,0.43,2,46.6,58,35.1
USC00291480,"CARLSBAD CAVERNS, NM US",32.1783,-104.4433,1351.8,1980-02,2,2,3,2,,,0,11,3,6,0,14,,,0.32,78,2266,515,0.59,,47.3,58.1,36.5
USC00291480,"CARLSBAD CAVERNS, NM US",32.1783,-104.4433,1351.8,1980-03,3,0,1,0,0,0,0,6,0,13,0,13,0,0,0.04,78,2650,384,0.04,0,52.6,65.8,39.5
USC00291480,"CARLSBAD CAVERNS, NM US",32.1783,-104.4433,1351.8,1980-04,33,29,2,2,0,0,0,3,1,16,0,25,0,0,0.21,85,2870,220,0.41,0,58.7,71.3,46
USC00291480,"CARLSBAD CAVERNS, NM US",32.1783,-104.4433,1351.8,1980-05,169,137,7,4,0,0,0,0,0,28,4,47,0,0,0.48,91,2917,47,1.12,0,67.9,80.1,55.7
USC00291480,"CARLSBAD CAVERNS, NM US",32.1783,-104.4433,1351.8,1980-06,714,544,3,0,0,0,0,0,0,29,25,58,0,0,0.06,105,2919,2,0.13,0,83.1,97.3,68.9
USC00291480,"CARLSBAD CAVERNS, NM US",32.1783,-104.4433,1351.8,1980-07,1265,551,3,3,0,0,0,0,0,30,29,61,0,0,0.44,101,0,0,1.11,0,83.4,96.5,70.2
USC00291480,"CARLSBAD CAVERNS, NM US",32.1783,-104.4433,1351.8,1980-08,1630,365,12,7,0,0,0,0,0,28,15,55,0,0,1.02,102,7,7,3.52,0,76.9,88,65.8
USC00291480,"CARLSBAD CAVERNS, NM US",32.1783,-104.4433,1351.8,1980-09,1854,224,10,9,0,0,0,0,0,23,6,51,0,0,5.63,93,47,40,8.72,0,71.1,81.1,61.2
USC00291480,"CARLSBAD CAVERNS, NM US",32.1783,-104.4433,1351.8,1980-10,1906,52,2,0,1,0,0,2,0,19,0,28,3,0,0.04,87,240,192,0.06,0,60.3,70.5,50.1
USC00291480,"CARLSBAD CAVERNS, NM US",32.1783,-104.4433,1351.8,1980-11,1920,14,2,2,,0,0,10,1,11,0,19,,0,0.23,85,697,457,0.33,0,49.7,59.1,40.3
USC00291480,"CARLSBAD CAVERNS, NM US",32.1783,-104.4433,1351.8,1980-12,1923,3,3,1,0,0,0,11,2,10,0,21,0,0,0.17,77,1191,494,0.19,0,49.2,60.1,38.2
USC00291480,"CARLSBAD CAVERNS, NM US",32.1783,-104.4433,1351.8,1981-01,0,0,9,4,,3,0,9,1,1,0,20,,2,0.48,71,1798,607,1.49,6,44.5,52.7,36.4
USC00291480,"CARLSBAD CAVERNS, NM US",32.1783,-104.4433,1351.8,1981-02,5,5,3,1,0,0,0,10,0,7,0,6,0,0,0.27,78,2220,422,0.34,0,50.1,61.6,38.6
USC00291480,"CARLSBAD CAVERNS, NM US",32.1783,-104.4433,1351.8,1981-03,6,1,3,3,0,0,0,2,0,6,0,27,0,0,0.19,79,2645,425,0.55,0,51.3,61.6,41.1
USC00291480,"CARLSBAD CAVERNS, NM US",32.1783,-104.4433,1351.8,1981-04,81,75,7,6,0,0,0,0,0,22,0,37,0,0,0.59,87,2765,119,1.79,0,63.5,75,52.1
USC00291480,"CARLSBAD CAVERNS, NM US",32.1783,-104.4433,1351.8,1981-05,242,160,8,4,0,0,0,0,0,30,4,40,0,0,0.46,94,2796,32,1.54,0,69.2,81.4,56.9
USC00291480,"CARLSBAD CAVERNS, NM US",32.1783,-104.4433,1351.8,1981-06,630,388,1,1,0,0,0,0,0,30,16,52,0,0,0.33,104,2796,0,0.33,0,78,92.5,63.4
USC00291480,"CARLSBAD CAVERNS, NM US",32.1783,-104.4433,1351.8,1981-07,1013,383,8,6,0,0,0,0,0,31,20,59,0,0,1.43,100,0,0,4.12,0,77.4,90.1,64.6
USC00291480,"CARLSBAD CAVERNS, NM US",32.1783,-104.4433,1351.8,1981-08,1260,247,10,9,0,0,0,0,0,30,5,57,0,0,1.67,93,1,1,5.94,0,72.9,83.1,62.7
USC00291480,"CARLSBAD CAVERNS, NM US",32.1783,-104.4433,1351.8,1981-09,1432,171,8,4,0,0,0,0,0,26,2,47,0,0,0.9,95,28,27,3,0,69.8,80.4,59.2
USC00291480,"CARLSBAD CAVERNS, NM US",32.1783,-104.4433,1351.8,1981-10,1501,69,9,3,0,0,0,0,0,22,0,34,0,0,0.4,86,179,151,1.04,0,62.4,73.2,51.5
USC00291480,"CARLSBAD CAVERNS, NM US",32.1783,-104.4433,1351.8,1981-11,1527,26,0,0,0,0,0,0,0,15,0,35,0,0,0,84,396,217,0,0,58.4,69.9,46.9
USC00291480,"CARLSBAD CAVERNS, NM US",32.1783,-104.4433,1351.8,1981-12,1527,0,0,0,0,0,0,10,0,8,0,22,0,0,0,79,850,453,0,0,50.4,62.6,38.1
USC00291480,"CARLSBAD CAVERNS, NM US",32.1783,-104.4433,1351.8,1982-01,0,0,1,1,0,1,0,17,2,6,0,8,0,4,0.44,73,1444,594,0.44,4,43.8,57.8,29.9
USC00291480,"CARLSBAD CAVERNS, NM US",32.1783,-104.4433,1351.8,1982-02,5,5,4,1,1,0,0,11,4,7,0,12,1,0.5,0.12,83,1928,484,0.22,1.1,45.9,57.5,34.4
USC00291480,"CARLSBAD CAVERNS, NM US",32.1783,-104.4433,1351.8,1982-03,24,19,1,0,0,0,0,3,0,19,0,23,0,0,0.02,87,2185,257,0.02,0,57,68.9,45.1
USC00291480,"CARLSBAD CAVERNS, NM US",32.1783,-104.4433,1351.8,1982-04,86,61,,,0,0,0,3,0,22,0,30,0,0,,87,2336,151,,0,61.8,74,49.5
USC00291480,"CARLSBAD CAVERNS, NM US",32.1783,-104.4433,1351.8,1982-05,188,103,11,6,0,0,0,0,0,24,2,42,0,0,0.82,91,2394,58,2.6,0,66.6,79,54.2
USC00291480,"CARLSBAD CAVERNS, NM US",32.1783,-104.4433,1351.8,1982-06,446,258,3,2,0,0,0,0,0,26,16,52,0,0,1.02,100,2397,3,1.45,0,75.1,90.1,60.2
USC00291480,"CARLSBAD CAVERNS, NM US",32.1783,-104.4433,1351.8,1982-07,818,372,9,7,0,0,0,0,0,29,22,49,0,0,1.25,98,0,0,5.05,0,78,90.9,65.1
USC00291480,"CARLSBAD CAVERNS, NM US",32.1783,-104.4433,1351.8,1982-08,1207,389,9,4,0,0,0,0,0,31,18,60,0,0,0.74,95,0,0,1.94,0,77.5,89.7,65.4
USC00291480,"CARLSBAD CAVERNS, NM US",32.1783,-104.4433,1351.8,1982-09,1413,206,6,3,0,0,0,0,0,28,5,52,0,0,0.43,95,2,2,1.22,0,73.1,85.6,60.6
USC00291480,"CARLSBAD CAVERNS, NM US",32.1783,-104.4433,1351.8,1982-10,1450,36,4,2,0,0,0,0,0,23,0,38,0,0,1.31,87,167,164,1.52,0,60.4,73.5,47.3
USC00291480,"CARLSBAD CAVERNS, NM US",32.1783,-104.4433,1351.8,1982-11,1451,1,7,4,0,0,0,7,2,6,0,20,0,0,0.39,80,570,403,1.02,0,49.4,59.6,39.3
USC00291480,"CARLSBAD CAVERNS, NM US",32.1783,-104.4433,1351.8,1982-12,1451,0,4,2,,2,0,15,4,3,0,12,,14,0.94,73,1229,659,1.37,18,41.5,52.3,30.8
USC00291480,"CARLSBAD CAVERNS, NM US",32.1783,-104.4433,1351.8,1983-01,,,4,2,,,,,1,0,0,,,,0.23,68,,,0.39,,,52.7,
USC00291480,"CARLSBAD CAVERNS, NM US",32.1783,-104.4433,1351.8,1983-02,,,6,2,0,0,,,0,2,0,,0,0,0.17,72,,,0.45,0,,58.1,
USC00291480,"CARLSBAD CAVERNS, NM US",32.1783,-104.4433,1351.8,1983-03,,1,4,2,0,0,0,6,0,12,0,25,0,0,0.17,78,,339,0.36,0,52.5,65.4,39.7
USC00291480,"CARLSBAD CAVERNS, NM US",32.1783,-104.4433,1351.8,1983-04,,,4,3,,0,,,1,15,1,,,0,0.29,90,,,0.68,0,,68.3,
USC00291480,"CARLSBAD CAVERNS, NM US",32.1783,-104.4433,1351.8,1983-05,,102,4,1,0,0,0,0,0,27,2,42,0,0,0.15,92,,14,0.29,0,67.9,82.5,53.4
USC00291480,"CARLSBAD CAVERNS, NM US",32.1783,-104.4433,1351.8,1983-06,,267,3,1,0,0,0,0,0,26,15,44,0,0,0.71,100,,25,0.79,0,74.1,88.4,59.8
USC00291480,"CARLSBAD CAVERNS, NM US",32.1783,-104.4433,1351.8,1983-07,,,5,4,0,0,,,0,26,18,,0,0,0.52,101,,,1.11,0,,92.7,
USC00291480,"CARLSBAD CAVERNS, NM US",32.1783,-104.4433,1351.8,1983-08,,351,3,1,0,0,0,0,0,29,16,47,0,0,0.46,96,,0,0.67,0,77.6,89.8,65.3
USC00291480,"CARLSBAD CAVERNS, NM US",32.1783,-104.4433,1351.8,1983-09,,207,5,5,0,0,0,0,0,26,13,36,0,0,2.06,98,,18,4.19,0,72.3,86.7,57.9
USC00291480,"CARLSBAD CAVERNS, NM US",32.1783,-104.4433,1351.8,1983-10,,48,11,6,0,0,0,0,0,20,0,34,0,0,1.6,87,,154,3.66,0,61.6,72.2,50.9
USC00291480,"CARLSBAD CAVERNS, NM US",32.1783,-104.4433,1351.8,1983-11,,1,4,3,0,0,0,4,0,13,0,20,0,0,0.58,76,,289,1.19,0,54,64.7,43.3
USC00291480,"CARLSBAD CAVERNS, NM US",32.1783,-104.4433,1351.8,1983-12,,0,4,1,0,0,0,18,6,2,0,2,0,0,0.1,71,,729,0.21,0,39.6,52.4,26.9
USC00291480,"CARLSBAD CAVERNS, NM US",32.1783,-104.4433,1351.8,1984-01,0,0,4,1,,0,0,10,3,2,0,10,,0,0.23,72,,657,0.29,0,40.5,50.5,30.6
USC00291480,"CARLSBAD CAVERNS, NM US",32.1783,-104.4433,1351.8,1984-02,0,0,1,0,0,0,0,6,0,7,0,23,0,0,0.01,75,,367,0.01,0,49.4,61.2,37.7
USC00291480,"CARLSBAD CAVERNS, NM US",32.1783,-104.4433,1351.8,1984-03,9,9,3,1,0,0,0,7,0,16,0,22,0,0,0.13,82,,304,0.2,0,54.1,67.3,40.8
USC00291480,"CARLSBAD CAVERNS, NM US",32.1783,-104.4433,1351.8,1984-04,50,40,1,0,0,0,0,1,0,20,0,29,0,0,0.02,86,,146,0.02,0,61.2,74.7,47.6
USC00291480,"CARLSBAD CAVERNS, NM US",32.1783,-104.4433,1351.8,1984-05,247,197,5,3,0,0,0,0,0,28,10,42,0,0,1.16,95,,16,2.42,0,71.5,83.9,59.1
USC00291480,"CARLSBAD CAVERNS, NM US",32.1783,-104.4433,1351.8,1984-06,516,269,12,7,0,0,0,0,0,30,9,50,0,0,3.52,94,,0,7.74,0,74,85,63
USC00291480,"CARLSBAD CAVERNS, NM US",32.1783,-104.4433,1351.8,1984-07,864,348,7,4,0,0,0,0,0,31,10,58,0,0,0.36,98,0,0,1.08,0,76.4,88.1,64.8
USC00291480,"CARLSBAD CAVERNS, NM US",32.1783,-104.4433,1351.8,1984-08,1154,290,8,6,0,0,0,0,0,30,8,59,0,0,2.22,91,2,2,7.07,0,74.3,84.5,64.1
USC00291480,"CARLSBAD CAVERNS, NM US",32.1783,-104.4433,1351.8,1984-09,1349,194,9,3,0,0,0,0,0,25,8,38,0,0,0.36,95,93,90,0.98,0,68.8,80.4,57.2
USC00291480,"CARLSBAD CAVERNS, NM US",32.1783,-104.4433,1351.8,1984-10,1350,2,10,5,0,0,0,1,0,19,0,32,0,0,1,80,303,210,2.98,0,57.6,68,47.2
USC00291480,"CARLSBAD CAVERNS, NM US",32.1783,-104.4433,1351.8,1984-11,1358,7,3,1,0,0,0,5,0,11,0,28,0,0,0.65,79,634,331,0.84,0,52,63,41.1
USC00291480,"CARLSBAD CAVERNS, NM US",32.1783,-104.4433,1351.8,1984-12,,,5,1,0,,,,1,1,0,,0,,0.4,74,,,0.85,,,55.8,
USC00291480,"CARLSBAD CAVERNS, NM US",32.1783,-104.4433,1351.8,1985-01,,,5,2,,1,,,3,1,0,,,2,0.17,71,,,0.45,2,,48.7,
USC00291480,"CARLSBAD CAVERNS, NM US",32.1783,-104.4433,1351.8,1985-02,,,4,3,,,,,3,1,0,,,,0.42,70,,,0.81,,,53.9,
USC00291480,"CARLSBAD CAVERNS, NM US",32.1783,-104.4433,1351.8,1985-03,,,4,2,0,0,,,0,14,0,,0,0,0.35,80,,,0.6,0,,67,
USC00291480,"CARLSBAD CAVERNS, NM US",32.1783,-104.4433,1351.8,1985-04,,,4,1,0,0,,,0,22,0,,0,0,1.72,88,,,1.87,0,,76.1,
USC00291480,"CARLSBAD CAVERNS, NM US",32.1783,-104.4433,1351.8,1985-05,,167,6,4,0,0,0,0,0,29,6,45,0,0,1.63,93,,17,2.51,0,70.3,82.3,58.4
USC00291480,"CARLSBAD CAVERNS, NM US",32.1783,-104.4433,1351.8,1985-06,,312,9,2,0,0,0,0,0,29,15,55,0,0,0.26,101,,0,0.6,0,75.8,88.7,62.8
USC00291480,"CARLSBAD CAVERNS, NM US",32.1783,-104.4433,1351.8,1985-07,,367,5,2,0,0,0,0,0,29,19,59,0,0,0.75,98,0,0,0.99,0,78.3,90.5,66
USC00291480,"CARLSBAD CAVERNS, NM US",32.1783,-104.4433,1351.8,1985-08,,450,7,3,0,0,0,0,0,30,21,59,0,0,0.15,103,0,0,0.45,0,80,92.7,67.3
USC00291480,"CARLSBAD CAVERNS, NM US",32.1783,-104.4433,1351.8,1985-09,,187,14,7,0,0,0,0,0,27,5,38,0,0,1.56,94,38,38,5.16,0,70.1,82,58.3
USC00291480,"CARLSBAD CAVERNS, NM US",32.1783,-104.4433,1351.8,1985-10,,26,12,8,0,0,0,0,0,16,0,38,0,0,1.2,86,227,189,3.23,0,59.6,69.9,49.3
USC00291480,"CARLSBAD CAVERNS, NM US",32.1783,-104.4433,1351.8,1985-11,,0,2,2,0,0,0,4,0,13,0,22,0,0,0.5,76,555,328,0.8,0,54,66.6,41.5
USC00291480,"CARLSBAD CAVERNS, NM US",32.1783,-104.4433,1351.8,1985-12,,0,0,0,0,0,0,16,1,5,0,14,0,0,0,73,1116,561,0,0,45,58.4,31.5
USC00291480,"CARLSBAD CAVERNS, NM US",32.1783,-104.4433,1351.8,1986-01,1,1,1,0,0,0,0,10,0,5,0,19,0,0,0.01,76,1599,483,0.01,0,48.4,60.2,36.6
USC00291480,"CARLSBAD CAVERNS, NM US",32.1783,-104.4433,1351.8,1986-02,12,10,3,2,1,1,0,6,4,11,0,14,4,4,0.32,82,1933,333,0.44,4,51.1,61.9,40.4
USC00291480,"CARLSBAD CAVERNS, NM US",32.1783,-104.4433,1351.8,1986-03,19,7,3,0,0,0,0,0,0,17,0,34,0,0,0.04,83,2122,189,0.07,0,58.2,69.9,46.5
USC00291480,"CARLSBAD CAVERNS, NM US",32.1783,-104.4433,1351.8,1986-04,96,77,0,0,0,0,0,0,0,27,2,42,0,0,0,90,2162,40,0,0,66.3,80.5,52.2
USC00291480,"CARLSBAD CAVERNS, NM US",32.1783,-104.4433,1351.8,1986-05,264,168,6,4,0,0,0,0,0,27,4,40,0,0,1.65,96,2199,36,2.25,0,69.5,82.1,57
USC00291480,"CARLSBAD CAVERNS, NM US",32.1783,-104.4433,1351.8,1986-06,466,202,16,12,0,0,0,0,0,29,5,52,0,0,8.41,96,2203,4,16.93,0,71.8,83.4,60.2
USC00291480,"CARLSBAD CAVERNS, NM US",32.1783,-104.4433,1351.8,1986-07,832,366,6,3,0,0,0,0,0,31,10,59,0,0,0.23,98,0,0,0.65,0,76.8,88.6,65.1
USC00291480,"CARLSBAD CAVERNS, NM US",32.1783,-104.4433,1351.8,1986-08,1133,301,8,4,0,0,0,0,0,27,14,57,0,0,0.97,100,4,4,2.03,0,75.6,87.7,63.5
USC00291480,"CARLSBAD CAVERNS, NM US",32.1783,-104.4433,1351.8,1986-09,1286,153,12,9,0,0,0,0,0,30,0,54,0,0,0.75,89,6,2,3.78,0,70,81.4,58.6
USC00291480,"CARLSBAD CAVERNS, NM US",32.1783,-104.4433,1351.8,1986-10,1304,18,16,9,0,0,0,0,0,16,0,34,0,0,1.04,84,191,184,3.43,0,59.1,69,49.2
USC00291480,"CARLSBAD CAVERNS, NM US",32.1783,-104.4433,1351.8,1986-11,1304,0,6,2,0,0,0,7,0,4,0,19,0,0,0.9,76,624,433,1.63,0,49.1,59.9,38.2
USC00291480,"CARLSBAD CAVERNS, NM US",32.1783,-104.4433,1351.8,1986-12,1304,0,9,7,0,0,0,13,0,0,0,17,0,0,0.55,66,1299,675,1.81,0,42.4,50.7,34.1
USC00291480,"CARLSBAD CAVERNS, NM US",32.1783,-104.4433,1351.8,1987-01,0,0,3,1,,0,0,11,3,2,0,10,,0.3,0.1,75,1867,567,0.15,0.3,42.8,52,33.6
USC00291480,"CARLSBAD CAVERNS, NM US",32.1783,-104.4433,1351.8,1987-02,0,0,8,5,0,0,0,6,2,6,0,24,0,0,0.54,76,2317,450,2.44,0,47.6,56.8,38.3
USC00291480,"CARLSBAD CAVERNS, NM US",32.1783,-104.4433,1351.8,1987-03,0,0,4,4,2,2,0,8,1,9,0,17,4,2,0.23,75,2775,458,0.85,4,49.7,61.4,38.1
USC00291480,"CARLSBAD CAVERNS, NM US",32.1783,-104.4433,1351.8,1987-04,48,48,5,3,0,0,0,2,0,17,2,31,0,0,0.51,93,3019,244,0.96,0,58.2,70.6,45.9
USC00291480,"CARLSBAD CAVERNS, NM US",32.1783,-104.4433,1351.8,1987-05,118,70,11,4,0,0,0,0,0,27,0,48,0,0,1.21,87,3050,31,4.67,0,66.3,77,55.6
USC00291480,"CARLSBAD CAVERNS, NM US",32.1783,-104.4433,1351.8,1987-06,352,234,12,7,0,0,0,0,0,26,9,51,0,0,1.09,100,3059,9,5.08,0,73.3,84.7,62
USC00291480,"CARLSBAD CAVERNS, NM US",32.1783,-104.4433,1351.8,1987-07,726,374,5,4,0,0,0,0,0,29,15,57,0,0,0.26,99,2,2,0.89,0,77.4,89.8,65
USC00291480,"CARLSBAD CAVERNS, NM US",32.1783,-104.4433,1351.8,1987-08,1095,369,12,7,0,0,0,0,0,31,20,56,0,0,0.37,97,3,0,2.02,0,76.9,89.2,64.6
USC00291480,"CARLSBAD CAVERNS, NM US",32.1783,-104.4433,1351.8,1987-09,1251,156,10,8,0,0,0,0,0,27,1,54,0,0,1.74,92,13,10,4.92,0,70,80.6,59.5
USC00291480,"CARLSBAD CAVERNS, NM US",32.1783,-104.4433,1351.8,1987-10,,,4,1,0,0,,,,,,,0,0,0.27,,,,0.47,0,,,
USC00291480,"CARLSBAD CAVERNS, NM US",32.1783,-104.4433,1351.8,1987-11,,0,3,2,0,0,0,6,0,11,0,22,0,0,0.21,76,,353,0.35,0,52.8,64.8,40.8
USC00291480,"CARLSBAD CAVERNS, NM US",32.1783,-104.4433,1351.8,1987-12,,0,4,3,,2,0,13,4,11,0,12,,18,0.56,78,,606,0.82,21,45,56.9,33.2
USC00291480,"CARLSBAD CAVERNS, NM US",32.1783,-104.4433,1351.8,1988-01,0,0,1,0,0,0,0,20,1,2,0,19,0,0,0.01,70,,756,0.01,0,40.6,51.4,29.8
USC00291480,"CARLSBAD CAVERNS, NM US",32.1783,-104.4433,1351.8,1988-02,0,0,4,2,4,2,0,14,1,8,0,15,4,3.5,0.57,76,,539,0.8,5,46.4,60,32.9
USC00291480,"CARLSBAD CAVERNS, NM US",32.1783,-104.4433,1351.8,1988-03,11,11,2,0,0,0,0,9,0,16,0,21,0,0,0.06,84,,348,0.09,0,54.2,67.8,40.5
USC00291480,"CARLSBAD CAVERNS, NM US",32.1783,-104.4433,1351.8,1988-04,42,30,3,2,0,0,0,0,0,25,0,34,0,0,0.22,85,,125,0.34,0,61.6,75.8,47.4
USC00291480,"CARLSBAD CAVERNS, NM US",32.1783,-104.4433,1351.8,1988-05,185,144,5,2,0,0,0,0,0,29,6,40,0,0,0.17,96,,36,0.42,0,68.6,83,54.1
USC00291480,"CARLSBAD CAVERNS, NM US",32.1783,-104.4433,1351.8,1988-06,538,352,4,2,0,0,0,0,0,30,16,56,0,0,0.35,98,,0,0.68,0,76.7,88.6,64.9
USC00291480,"CARLSBAD CAVERNS, NM US",32.1783,-104.4433,1351.8,1988-07,885,347,8,4,0,0,0,0,0,30,19,56,0,0,3.02,98,3,3,4.19,0,76.1,88.3,63.9
USC00291480,"CARLSBAD CAVERNS, NM US",32.1783,-104.4433,1351.8,1988-08,1176,291,9,5,0,0,0,0,0,27,9,52,0,0,2.35,93,19,16,5.2,0,74.9,86.2,63.6
USC00291480,"CARLSBAD CAVERNS, NM US",32.1783,-104.4433,1351.8,1988-09,1385,209,6,4,0,0,0,0,0,29,10,48,0,0,2.16,94,28,9,4.35,0,71.9,84.2,59.5
USC00291480,"CARLSBAD CAVERNS, NM US",32.1783,-104.4433,1351.8,1988-10,1421,36,1,0,0,0,0,0,0,28,0,38,0,0,0.05,88,89,60,0.05,0,64,77.2,50.7
USC00291480,"CARLSBAD CAVERNS, NM US",32.1783,-104.4433,1351.8,1988-11,1460,39,2,0,0,0,0,2,0,15,0,31,0,0,0.07,85,335,247,0.12,0,57.6,69.2,46
USC00291480,"CARLSBAD CAVERNS, NM US",32.1783,-104.4433,1351.8,1989-01,0,0,0,0,0,0,0,9,0,3,0,20,0,0,0,71,,441,0,0,48,60.2,35.9
USC00291480,"CARLSBAD CAVERNS, NM US",32.1783,-104.4433,1351.8,1989-02,6,6,4,1,0,0,0,12,2,8,0,5,0,0,0.6,84,,562,0.65,0,45.1,57.6,32.7
USC00291480,"CARLSBAD CAVERNS, NM US",32.1783,-104.4433,1351.8,1989-03,51,44,2,0,0,0,0,6,1,18,1,14,0,0,0.02,90,,230,0.04,0,58.1,71.5,44.7
USC00291480,"CARLSBAD CAVERNS, NM US",32.1783,-104.4433,1351.8,1989-04,161,110,2,1,0,0,0,2,0,24,4,29,0,0,0.12,95,,129,0.13,0,64.4,79.4,49.3
USC00291480,"CARLSBAD CAVERNS, NM US",32.1783,-104.4433,1351.8,1989-05,429,267,2,1,0,0,0,0,0,30,13,43,0,0,0.11,101,,21,0.19,0,73.4,87.1,59.7
USC00291480,"CARLSBAD CAVERNS, NM US",32.1783,-104.4433,1351.8,1989-06,742,313,7,3,0,0,0,0,0,30,19,51,0,0,0.5,101,,0,1.33,0,75.6,90.5,60.7
USC00291480,"CARLSBAD CAVERNS, NM US",32.1783,-104.4433,1351.8,1989-07,1145,403,8,3,0,0,0,0,0,31,21,60,0,0,0.15,105,0,0,0.52,0,78.5,91.7,65.3
USC00291480,"CARLSBAD CAVERNS, NM US",32.1783,-104.4433,1351.8,1989-08,1486,341,11,9,0,0,0,0,0,31,13,55,0,0,1.82,97,0,0,3.83,0,76,88.6,63.4
USC00291480,"CARLSBAD CAVERNS, NM US",32.1783,-104.4433,1351.8,1989-09,1646,161,6,4,0,0,0,0,0,27,7,40,0,0,2.1,92,67,67,2.61,0,68.1,80.3,55.9
USC00291480,"CARLSBAD CAVERNS, NM US",32.1783,-104.4433,1351.8,1989-10,1759,113,0,0,0,0,0,0,0,26,2,36,0,0,0,90,177,110,0,0,65.1,77.6,52.6
USC00291480,"CARLSBAD CAVERNS, NM US",32.1783,-104.4433,1351.8,1989-11,1771,11,0,0,0,0,0,5,0,15,0,26,0,0,0,86,465,288,0,0,55.8,66.5,45
USC00291480,"CARLSBAD CAVERNS, NM US",32.1783,-104.4433,1351.8,1989-12,1771,0,4,1,0,1,0,17,4,4,0,2,0,3,0.32,75,1222,757,0.36,4,40.6,52.2,29
USC00291480,"CARLSBAD CAVERNS, NM US",32.1783,-104.4433,1351.8,1990-01,0,0,1,1,0,0,0,12,0,6,0,25,0,0,0.11,71,1770,548,0.11,0,47.3,59.1,35.5
USC00291480,"CARLSBAD CAVERNS, NM US",32.1783,-104.4433,1351.8,1990-02,1,1,2,1,0,0,0,7,0,7,0,25,0,0,0.11,75,2129,358,0.17,0,51.4,62.9,40
USC00291480,"CARLSBAD CAVERNS, NM US",32.1783,-104.4433,1351.8,1990-03,11,9,4,1,0,0,0,5,0,11,0,28,0,0,0.11,83,2504,376,0.18,0,52.4,63.1,41.7
USC00291480,"CARLSBAD CAVERNS, NM US",32.1783,-104.4433,1351.8,1990-04,60,49,6,2,0,0,0,0,0,21,1,35,0,0,0.38,90,2681,176,0.61,0,60.8,73.1,48.4
USC00291480,"CARLSBAD CAVERNS, NM US",32.1783,-104.4433,1351.8,1990-05,288,228,4,2,0,0,0,0,0,27,7,38,0,0,0.34,99,2758,77,0.58,0,69.8,82,57.6
USC00291480,"CARLSBAD CAVERNS, NM US",32.1783,-104.4433,1351.8,1990-06,842,554,1,1,0,0,0,0,0,30,29,59,0,0,0.1,106,2758,0,0.1,0,83.5,98,68.9
USC00291480,"CARLSBAD CAVERNS, NM US",32.1783,-104.4433,1351.8,1990-07,1139,297,7,6,0,0,0,0,0,31,14,56,0,0,1.07,97,0,0,2.7,0,74.6,87.1,62
USC00291480,"CARLSBAD CAVERNS, NM US",32.1783,-104.4433,1351.8,1990-08,1421,283,10,5,0,0,0,0,0,29,8,53,0,0,0.54,93,11,11,1.83,0,73.7,84.8,62.7
USC00291480,"CARLSBAD CAVERNS, NM US",32.1783,-104.4433,1351.8,1990-09,1627,206,13,7,0,0,0,0,0,27,2,47,0,0,0.35,95,30,18,2.01,0,71.3,81.8,60.7
USC00291480,"CARLSBAD CAVERNS, NM US",32.1783,-104.4433,1351.8,1990-10,1648,21,2,0,0,0,0,0,0,27,0,35,0,0,0.03,84,145,115,0.05,0,62,75.5,48.4
USC00291480,"CARLSBAD CAVERNS, NM US",32.1783,-104.4433,1351.8,1990-11,1660,11,,,,,0,6,1,17,0,28,,,,81,431,286,,,55.8,68.7,43
USC00291480,"CARLSBAD CAVERNS, NM US",32.1783,-104.4433,1351.8,1990-12,1660,0,2,0,0,0,0,9,0,3,0,10,0,0,0.08,73,901,469,0.11,0,47.5,59.4,35.5
USC00291480,"CARLSBAD CAVERNS, NM US",32.1783,-104.4433,1351.8,1991-01,0,0,8,4,1,1,0,21,1,0,0,18,3,3,0.42,66,1617,716,1.06,3,40.7,51.7,29.7
USC00291480,"CARLSBAD CAVERNS, NM US",32.1783,-104.4433,1351.8,1991-02,0,0,2,1,1,1,0,5,0,3,0,28,1,1,0.2,72,2016,399,0.23,1,50.3,61.6,38.9
USC00291480,"CARLSBAD CAVERNS, NM US",32.1783,-104.4433,1351.8,1991-03,5,5,0,0,0,0,0,1,0,13,0,26,0,0,0,81,2315,299,0,0,55.5,67.9,43.1
USC00291480,"CARLSBAD CAVERNS, NM US",32.1783,-104.4433,1351.8,1991-04,38,33,0,0,0,0,0,0,0,24,0,42,0,0,0,86,2398,83,0,0,63.4,74.4,52.4
USC00291480,"CARLSBAD CAVERNS, NM US",32.1783,-104.4433,1351.8,1991-05,269,231,3,1,0,0,0,0,0,27,14,42,0,0,0.9,97,2435,37,0.97,0,71.6,84.6,58.5
USC00291480,"CARLSBAD CAVERNS, NM US",32.1783,-104.4433,1351.8,1991-06,616,347,5,5,0,0,0,0,0,28,19,54,0,0,0.73,100,2440,5,1.76,0,76.7,91,62.3
USC00291480,"CARLSBAD CAVERNS, NM US",32.1783,-104.4433,1351.8,1991-07,,,8,6,0,0,,,,,,,0,0,1.75,,,,4.54,0,,,
USC00291480,"CARLSBAD CAVERNS, NM US",32.1783,-104.4433,1351.8,1991-08,,306,7,7,0,0,0,0,0,31,6,59,0,0,1.6,93,,0,2.61,0,74.9,86,63.7
USC00291480,"CARLSBAD CAVERNS, NM US",32.1783,-104.4433,1351.8,1991-09,,,9,8,0,0,,,,,,,0,0,1.43,,,,4.25,0,,,
USC00291480,"CARLSBAD CAVERNS, NM US",32.1783,-104.4433,1351.8,1991-10,,106,1,0,0,0,0,2,1,24,0,15,0,0,0.08,88,,117,0.08,0,64.5,75.8,53.2
USC00291480,"CARLSBAD CAVERNS, NM US",32.1783,-104.4433,1351.8,1991-11,,0,0,0,0,0,0,9,1,5,0,17,0,0,0,76,,403,0.4,0,48.3,59.4,37.3
USC00291480,"CARLSBAD CAVERNS, NM US",32.1783,-104.4433,1351.8,1991-12,,,5,4,0,0,,,,,,,0,0,0.68,,,,3.56,0,,,
USC00291480,"CARLSBAD CAVERNS, NM US",32.1783,-104.4433,1351.8,1992-01,,,7,4,0,0,,,,,,,0,0.3,0.25,,,,0.71,0.3,,,
USC00291480,"CARLSBAD CAVERNS, NM US",32.1783,-104.4433,1351.8,1992-02,,0,5,4,0,0,0,4,0,3,0,29,0,0,0.3,73,,447,0.88,0,49,58.3,39.8
USC00291480,"CARLSBAD CAVERNS, NM US",32.1783,-104.4433,1351.8,1992-03,,0,2,1,0,0,0,2,0,18,0,26,0,0,0.12,79,,257,0.14,0,56.2,68.1,44.3
USC00291480,"CARLSBAD CAVERNS, NM US",32.1783,-104.4433,1351.8,1992-04,,56,7,2,0,0,0,4,0,24,1,29,0,0,0.35,93,,146,0.83,0,61.9,75.8,48
USC00291480,"CARLSBAD CAVERNS, NM US",32.1783,-104.4433,1351.8,1992-05,,83,11,9,0,0,0,0,0,27,3,44,0,0,1.6,94,,40,4.93,0,66.4,78.1,54.6
USC00291480,"CARLSBAD CAVERNS, NM US",32.1783,-104.4433,1351.8,1992-06,,286,4,3,0,0,0,0,0,30,11,49,0,0,1.75,95,,6,2.3,0,74.3,85.9,62.7
USC00291480,"CARLSBAD CAVERNS, NM US",32.1783,-104.4433,1351.8,1992-07,,407,6,3,0,0,0,0,0,31,20,57,0,0,0.94,103,0,0,1.76,0,78.1,90.8,65.5
USC00291480,"CARLSBAD CAVERNS, NM US",32.1783,-104.4433,1351.8,1992-08,,329,9,3,0,0,0,0,0,31,18,53,0,0,0.32,96,0,0,0.86,0,75.6,88.9,62.3
USC00291480,"CARLSBAD CAVERNS, NM US",32.1783,-104.4433,1351.8,1992-09,,275,3,2,0,0,0,0,0,30,11,51,0,0,1.28,98,0,0,1.58,0,74.2,87.4,60.9
USC00291480,"CARLSBAD CAVERNS, NM US",32.1783,-104.4433,1351.8,1992-10,,99,4,0,0,0,0,0,0,29,0,38,0,0,0.08,88,49,49,0.22,0,66.8,79.1,54.5
USC00291480,"CARLSBAD CAVERNS, NM US",32.1783,-104.4433,1351.8,1992-11,,0,2,1,0,0,0,11,0,6,0,20,0,0,0.14,75,543,494,0.18,0,48,59.2,36.9
USC00291480,"CARLSBAD CAVERNS, NM US",32.1783,-104.4433,1351.8,1992-12,,0,1,1,0,0,0,17,1,0,0,16,0,0,0.23,68,1121,578,0.23,0,45.5,57.5,33.4
USC00291480,"CARLSBAD CAVERNS, NM US",32.1783,-104.4433,1351.8,1993-01,0,0,9,4,0,0,0,12,2,2,0,18,0,0,0.35,71,1633,512,1.02,0,44.9,55.6,34.3
USC00291480,"CARLSBAD CAVERNS, NM US",32.1783,-104.4433,1351.8,1993-02,,,2,1,0,0,,,1,1,0,,0,0,0.11,86,,,0.13,0,,58,
USC00291480,"CARLSBAD CAVERNS, NM US",32.1783,-104.4433,1351.8,1993-03,,13,1,0,0,0,0,3,0,16,0,22,0,0,0.02,84,,232,0.02,0,56.5,68.7,44.2
USC00291480,"CARLSBAD CAVERNS, NM US",32.1783,-104.4433,1351.8,1993-04,,69,4,2,0,0,0,0,0,22,0,37,0,0,0.55,89,,133,0.69,0,62.7,75.6,49.8
USC00291480,"CARLSBAD CAVERNS, NM US",32.1783,-104.4433,1351.8,1993-05,,196,5,1,0,0,0,0,0,30,3,42,0,0,0.81,92,,13,1.04,0,71.1,83.3,58.9
USC00291480,"CARLSBAD CAVERNS, NM US",32.1783,-104.4433,1351.8,1993-06,,382,4,2,0,0,0,0,0,30,23,58,0,0,0.36,99,,0,0.76,0,77.7,91.7,63.8
USC00291480,"CARLSBAD CAVERNS, NM US",32.1783,-104.4433,1351.8,1993-07,,449,12,5,0,0,0,0,0,31,26,62,0,0,0.87,101,0,0,2.46,0,79.9,92.9,67
USC00291480,"CARLSBAD CAVERNS, NM US",32.1783,-104.4433,1351.8,1993-08,,426,8,4,0,0,0,0,0,30,24,60,0,0,0.74,98,0,0,1.72,0,79.1,91.8,66.4
USC00291480,"CARLSBAD CAVERNS, NM US",32.1783,-104.4433,1351.8,1993-09,,202,3,2,0,0,0,0,0,26,7,44,0,0,0.53,94,6,6,0.69,0,72.4,85.1,59.6
USC00291480,"CARLSBAD CAVERNS, NM US",32.1783,-104.4433,1351.8,1993-10,,,5,3,0,0,,,0,20,3,,0,0,0.94,93,,,1.38,0,,73.7,
USC00291480,"CARLSBAD CAVERNS, NM US",32.1783,-104.4433,1351.8,1993-11,,,1,1,0,0,0,8,1,7,0,18,0,0,0.41,76,,,0.41,0,48.9,60.9,37
USC00291480,"CARLSBAD CAVERNS, NM US",32.1783,-104.4433,1351.8,1993-12,,0,3,1,0,0,0,4,0,4,0,24,0,0,0.11,72,,420,0.26,0,49.5,59.4,39.5
USC00291480,"CARLSBAD CAVERNS, NM US",32.1783,-104.4433,1351.8,1994-01,0,0,2,2,0,0,0,9,0,1,0,12,0,0,0.15,78,,562,0.27,0,46.6,58.2,35
USC00291480,"CARLSBAD CAVERNS, NM US",32.1783,-104.4433,1351.8,1994-02,,,0,0,0,0,,,1,7,0,,0,0,0,76,,,0,0,,60.7,
USC00291480,"CARLSBAD CAVERNS, NM US",32.1783,-104.4433,1351.8,1994-03,,25,4,1,0,0,0,3,0,15,0,24,0,0,0.22,81,,294,0.37,0,55.6,67,44.1
USC00291480,"CARLSBAD CAVERNS, NM US",32.1783,-104.4433,1351.8,1994-04,,65,3,2,0,0,0,1,0,23,0,31,0,0,0.22,84,,113,0.5,0,63.2,75.4,51
USC00291480,"CARLSBAD CAVERNS, NM US",32.1783,-104.4433,1351.8,1994-05,,160,11,7,0,0,0,0,0,26,3,41,0,0,0.51,96,,35,2.3,0,69.2,80.6,57.7
USC00291480,"CARLSBAD CAVERNS, NM US",32.1783,-104.4433,1351.8,1994-06,,553,7,6,0,0,0,0,0,29,27,61,0,0,0.47,110,,0,1.5,0,84,97.1,70.9
USC00291480,"CARLSBAD CAVERNS, NM US",32.1783,-104.4433,1351.8,1994-07,,546,3,0,0,0,0,0,0,31,25,60,0,0,0.02,106,0,0,0.05,0,82.6,95.3,69.9
USC00291480,"CARLSBAD CAVERNS, NM US",32.1783,-104.4433,1351.8,1994-08,,451,4,3,0,0,0,0,0,31,28,56,0,0,1,103,0,0,1.68,0,79.9,92.1,67.6
USC00291480,"CARLSBAD CAVERNS, NM US",32.1783,-104.4433,1351.8,1994-09,,245,5,3,0,0,0,0,0,29,6,46,0,0,0.67,93,0,0,1.12,0,73.5,84.3,62.7
USC00291480,"CARLSBAD CAVERNS, NM US",32.1783,-104.4433,1351.8,1994-10,,84,6,4,0,0,0,0,0,26,2,41,0,0,1.12,91,60,60,2.13,0,65.3,76.1,54.4
USC00291480,"CARLSBAD CAVERNS, NM US",32.1783,-104.4433,1351.8,1994-11,,21,4,3,0,0,0,1,0,10,0,32,0,0,0.51,86,339,279,0.82,0,55.2,64.9,45.6
USC00291480,"CARLSBAD CAVERNS, NM US",32.1783,-104.4433,1351.8,1994-12,,0,4,1,0,0,0,3,0,5,0,30,0,0,0.12,73,766,426,0.17,0,50.9,58.8,42.9
USC00291480,"CARLSBAD CAVERNS, NM US",32.1783,-104.4433,1351.8,1995-01,0,0,8,0,0,0,0,9,3,5,0,24,0,0,0.08,74,1304,538,0.34,0,47.1,55.7,38.4
USC00291480,"CARLSBAD CAVERNS, NM US",32.1783,-104.4433,1351.8,1995-02,0,0,4,2,0,0,0,4,0,11,0,24,0,0,0.62,76,1611,307,0.84,0,54,64.3,43.7
USC00291480,"CARLSBAD CAVERNS, NM US",32.1783,-104.4433,1351.8,1995-03,33,33,3,1,0,0,0,6,1,13,0,22,0,0,0.2,86,1912,301,0.26,0,55.2,66,44.4
USC00291480,"CARLSBAD CAVERNS, NM US",32.1783,-104.4433,1351.8,1995-04,84,51,2,0,0,0,0,2,0,19,0,30,0,0,0.06,88,2130,218,0.07,0,59.3,71.4,47.2
USC00291480,"CARLSBAD CAVERNS, NM US",32.1783,-104.4433,1351.8,1995-05,254,170,5,3,0,0,0,0,0,30,4,47,0,0,0.68,95,2145,15,1.28,0,70.4,82.8,58
USC00291480,"CARLSBAD CAVERNS, NM US",32.1783,-104.4433,1351.8,1995-06,560,306,9,5,0,0,0,0,0,30,14,53,0,0,1.33,97,2145,0,3.88,0,75.2,88.3,62.1
USC00291480,"CARLSBAD CAVERNS, NM US",32.1783,-104.4433,1351.8,1995-07,1044,484,1,0,0,0,0,0,0,30,26,58,0,0,0.07,106,2,2,0.07,0,80.5,92.4,68.7
USC00291480,"CARLSBAD CAVERNS, NM US",32.1783,-104.4433,1351.8,1995-08,1442,397,6,4,0,0,0,0,0,31,21,58,0,0,0.74,96,2,0,2.15,0,77.8,90.1,65.5
USC00291480,"CARLSBAD CAVERNS, NM US",32.1783,-104.4433,1351.8,1995-09,1642,200,10,5,0,0,0,0,0,25,6,34,0,0,1.33,95,64,62,5.13,0,69.7,80.3,59.2
USC00291480,"CARLSBAD CAVERNS, NM US",32.1783,-104.4433,1351.8,1995-10,1715,73,0,0,0,0,0,0,0,26,0,42,0,0,0,87,118,54,0,0,65.7,78.2,53.1
USC00291480,"CARLSBAD CAVERNS, NM US",32.1783,-104.4433,1351.8,1995-11,1722,7,0,0,0,0,0,4,0,13,0,28,0,0,0,81,387,269,0,0,55.6,67.1,44.1
USC00291480,"CARLSBAD CAVERNS, NM US",32.1783,-104.4433,1351.8,1995-12,1726,4,2,1,0,0,0,11,2,12,0,15,0,0,0.17,77,927,539,0.2,0,47,57.5,36.5
USC00291480,"CARLSBAD CAVERNS, NM US",32.1783,-104.4433,1351.8,1996-01,1,1,1,1,0,0,0,14,0,7,0,14,0,0,0.23,73,1479,553,0.23,0,47.2,60.3,34.1
USC00291480,"CARLSBAD CAVERNS, NM US",32.1783,-104.4433,1351.8,1996-02,9,8,0,0,0,0,0,9,3,12,0,13,0,0,0,84,1886,407,0,0,51.2,63.4,39.1
USC00291480,"CARLSBAD CAVERNS, NM US",32.1783,-104.4433,1351.8,1996-03,16,7,1,0,0,0,0,11,0,14,0,12,0,0,0.04,81,2299,413,0.04,0,51.2,64.8,37.7
USC00291480,"CARLSBAD CAVERNS, NM US",32.1783,-104.4433,1351.8,1996-04,97,81,2,2,0,0,0,2,0,22,3,29,0,0,0.73,92,2445,145,1.46,0,62.5,74.1,51
USC00291480,"CARLSBAD CAVERNS, NM US",32.1783,-104.4433,1351.8,1996-05,547,450,1,0,0,0,0,0,0,31,25,51,0,0,0.08,101,2445,0,0.08,0,79.5,92.6,66.4
USC00291480,"CARLSBAD CAVERNS, NM US",32.1783,-104.4433,1351.8,1996-06,971,423,7,6,0,0,0,0,0,30,23,57,0,0,1.71,105,2445,0,4.1,0,79.1,93.2,65
USC00291480,"CARLSBAD CAVERNS, NM US",32.1783,-104.4433,1351.8,1996-07,1380,409,5,4,0,0,0,0,0,31,19,56,0,0,1.66,97,0,0,2.63,0,78.2,90.1,66.3
USC00291480,"CARLSBAD CAVERNS, NM US",32.1783,-104.4433,1351.8,1996-08,1701,322,13,10,0,0,0,0,0,31,16,56,0,0,1.66,98,0,0,6.9,0,75.4,87.5,63.3
USC00291480,"CARLSBAD CAVERNS, NM US",32.1783,-104.4433,1351.8,1996-09,1833,132,7,4,0,0,0,0,0,26,1,42,0,0,2.3,90,39,39,4.52,0,68.3,79.5,57.1
USC00291480,"CARLSBAD CAVERNS, NM US",32.1783,-104.4433,1351.8,1996-10,1911,78,1,0,0,0,0,1,0,23,1,28,0,0,0.03,91,180,141,0.03,0,62.7,75.3,50.1
USC00291480,"CARLSBAD CAVERNS, NM US",32.1783,-104.4433,1351.8,1996-11,1916,5,2,2,0,0,0,5,0,14,0,25,0,0,0.38,85,512,332,0.48,0,53.7,66.6,40.7
USC00291480,"CARLSBAD CAVERNS, NM US",32.1783,-104.4433,1351.8,1996-12,1920,4,1,1,0,0,0,10,1,8,0,9,0,0,0.15,79,906,394,0.15,0,50.2,62.3,38.1
USC00291480,"CARLSBAD CAVERNS, NM US",32.1783,-104.4433,1351.8,1997-01,0,0,4,1,,1,0,14,5,5,0,6,,2,0.23,76,1626,720,0.34,2,41.8,51.9,31.7
USC00291480,"CARLSBAD CAVERNS, NM US",32.1783,-104.4433,1351.8,1997-02,0,0,4,1,0,0,0,14,2,2,0,20,0,0,0.4,76,2188,563,0.5,0,43.1,54,32.2
USC00291480,"CARLSBAD CAVERNS, NM US",32.1783,-104.4433,1351.8,1997-03,21,21,3,0,0,0,0,5,0,20,0,29,0,0,0.09,88,2456,267,0.19,0,56.8,70.6,43
USC00291480,"CARLSBAD CAVERNS, NM US",32.1783,-104.4433,1351.8,1997-04,49,27,5,3,0,0,0,9,0,18,0,23,0,0,0.61,87,2762,306,1.7,0,55.7,69.2,42.3
USC00291480,"CARLSBAD CAVERNS, NM US",32.1783,-104.4433,1351.8,1997-05,184,135,6,5,0,0,0,0,0,28,3,42,0,0,1.28,92,2817,55,2.79,0,67.6,80,55.2
USC00291480,"CARLSBAD CAVERNS, NM US",32.1783,-104.4433,1351.8,1997-06,503,319,9,5,0,0,0,0,0,30,16,55,0,0,0.65,102,2817,0,1.62,0,76.5,90.1,63
USC00291480,"CARLSBAD CAVERNS, NM US",32.1783,-104.4433,1351.8,1997-07,954,451,6,5,0,0,0,0,0,31,27,55,0,0,0.98,102,0,0,2.85,0,80,93.5,66.5
USC00291480,"CARLSBAD CAVERNS, NM US",32.1783,-104.4433,1351.8,1997-08,1377,423,6,3,0,0,0,0,0,31,26,55,0,0,1.2,97,0,0,1.98,0,79.1,92.2,66
USC00291480,"CARLSBAD CAVERNS, NM US",32.1783,-104.4433,1351.8,1997-09,1647,271,8,6,0,0,0,0,0,28,15,51,0,0,1.48,96,16,16,3.53,0,74.1,86.4,61.7
USC00291480,"CARLSBAD CAVERNS, NM US",32.1783,-104.4433,1351.8,1997-10,1728,81,5,2,0,0,0,0,0,21,3,33,0,0,1.04,91,178,162,1.41,0,62.3,74.1,50.5
USC00291480,"CARLSBAD CAVERNS, NM US",32.1783,-104.4433,1351.8,1997-11,1734,6,2,1,0,0,0,6,1,11,0,19,0,0,0.53,80,589,411,0.62,0,51.5,63.5,39.5
USC00291480,"CARLSBAD CAVERNS, NM US",32.1783,-104.4433,1351.8,1997-12,1734,0,7,5,0,0,0,19,3,2,0,16,0,0,0.73,72,1281,692,2.15,0,42.1,53.2,31.1
USC00291480,"CARLSBAD CAVERNS, NM US",32.1783,-104.4433,1351.8,1998-01,0,0,3,0,1,0,0,7,0,4,0,23,1,0,0.08,71,1755,474,0.12,0,49.7,62,37.4
USC00291480,"CARLSBAD CAVERNS, NM US",32.1783,-104.4433,1351.8,1998-02,0,0,1,0,0,0,0,8,0,2,0,28,0,0,0.04,79,2233,477,0.04,0,47.4,59.4,35.3
USC00291480,"CARLSBAD CAVERNS, NM US",32.1783,-104.4433,1351.8,1998-03,29,29,2,1,0,0,0,11,0,12,0,19,0,0,0.61,86,2659,426,0.66,0,52.2,65.3,39.1
USC00291480,"CARLSBAD CAVERNS, NM US",32.1783,-104.4433,1351.8,1998-04,60,31,1,1,0,0,0,0,0,18,0,35,0,0,0.11,87,2847,188,0.11,0,59.8,73,46.5
USC00291480,"CARLSBAD CAVERNS, NM US",32.1783,-104.4433,1351.8,1998-05,384,324,0,0,0,0,0,0,0,31,15,47,0,0,0,100,2847,0,0,0,75.8,89.7,62
USC00291480,"CARLSBAD CAVERNS, NM US",32.1783,-104.4433,1351.8,1998-06,909,526,0,0,0,0,0,0,0,30,27,50,0,0,0,108,2849,2,0,0,82.9,97.7,68.2
USC00291480,"CARLSBAD CAVERNS, NM US",32.1783,-104.4433,1351.8,1998-07,,,9,5,0,0,,,,,,,0,0,0.29,,,,0.97,0,,,
USC00291480,"CARLSBAD CAVERNS, NM US",32.1783,-104.4433,1351.8,1998-08,,358,7,4,0,0,0,0,0,30,17,58,0,0,0.84,97,,0,1.79,0,76.9,89.5,64.3
USC00291480,"CARLSBAD CAVERNS, NM US",32.1783,-104.4433,1351.8,1998-09,,335,0,0,0,0,0,0,0,29,14,56,0,0,0,96,,0,0,0,76.5,89.9,63.2
USC00291480,"CARLSBAD CAVERNS, NM US",32.1783,-104.4433,1351.8,1998-10,,97,8,4,,0,0,0,0,25,4,43,,0,1.14,91,,110,2.28,0,64.7,76.8,52.5
USC00291480,"CARLSBAD CAVERNS, NM US",32.1783,-104.4433,1351.8,1998-11,,5,5,2,0,0,0,0,0,16,0,35,0,0,0.46,80,,280,0.7,0,55.5,67,44
USC00291480,"CARLSBAD CAVERNS, NM US",32.1783,-104.4433,1351.8,1998-12,,0,3,2,0,0,0,12,1,4,0,8,0,0,0.22,75,,599,0.43,0,45,57.7,32.3
USC00291480,"CARLSBAD CAVERNS, NM US",32.1783,-104.4433,1351.8,1999-01,1,1,2,0,0,0,0,12,0,11,0,14,0,0.3,0.05,80,,483,0.08,0.3,49.5,62.8,36.2
USC00291480,"CARLSBAD CAVERNS, NM US",32.1783,-104.4433,1351.8,1999-02,1,0,0,0,0,0,0,2,0,18,0,23,0,0,0,78,,260,0,0,55.4,69,41.7
USC00291480,"CARLSBAD CAVERNS, NM US",32.1783,-104.4433,1351.8,1999-03,3,2,4,2,0,0,0,5,0,13,0,25,0,0,0.45,82,,278,0.7,0,54.6,68,41.1
USC00291480,"CARLSBAD CAVERNS, NM US",32.1783,-104.4433,1351.8,1999-04,83,79,3,1,0,0,0,0,0,22,2,33,0,0,0.12,90,,114,0.16,0,63.7,76.4,51
USC00291480,"CARLSBAD CAVERNS, NM US",32.1783,-104.4433,1351.8,1999-05,288,205,6,4,0,0,0,0,0,30,8,48,0,0,0.31,93,,9,0.9,0,71.5,84.1,59
USC00291480,"CARLSBAD CAVERNS, NM US",32.1783,-104.4433,1351.8,1999-06,618,329,10,10,0,0,0,0,0,28,16,55,0,0,0.86,102,,2,3.06,0,76.7,88.7,64.7
USC00291480,"CARLSBAD CAVERNS, NM US",32.1783,-104.4433,1351.8,1999-07,1031,413,7,7,0,0,0,0,0,30,21,59,0,0,1.06,105,2,2,2.23,0,78.8,90.3,67.3
USC00291480,"CARLSBAD CAVERNS, NM US",32.1783,-104.4433,1351.8,1999-08,,,4,2,0,0,,,,,,,0,0,0.38,,,,0.72,0,,,
USC00291480,"CARLSBAD CAVERNS, NM US",32.1783,-104.4433,1351.8,1999-09,,237,9,3,0,0,0,0,0,25,8,41,0,0,1.54,95,,32,2.24,0,72.3,83.7,60.9
USC00291480,"CARLSBAD CAVERNS, NM US",32.1783,-104.4433,1351.8,1999-10,,112,2,2,0,0,0,1,0,26,2,32,0,0,0.33,90,,97,0.64,0,65.5,77.5,53.5
USC00291480,"CARLSBAD CAVERNS, NM US",32.1783,-104.4433,1351.8,1999-11,,15,0,0,0,0,0,0,0,21,0,33,0,0,0,80,,160,0,0,60,71.5,48.5
USC00291480,"CARLSBAD CAVERNS, NM US",32.1783,-104.4433,1351.8,1999-12,,0,1,1,0,0,0,9,0,2,0,23,0,0,0.36,72,,513,0.36,0,46.6,56.9,36.4
USC00291480,"CARLSBAD CAVERNS, NM US",32.1783,-104.4433,1351.8,2000-01,2,2,1,0,0,0,0,11,1,9,0,24,0,0,0.06,77,,411,0.06,0,50.5,61.9,39.1
USC00291480,"CARLSBAD CAVERNS, NM US",32.1783,-104.4433,1351.8,2000-02,,,3,1,0,1,,,,,,,0,4,0.3,,,,0.35,4,,,
USC00291480,"CARLSBAD CAVERNS, NM US",32.1783,-104.4433,1351.8,2000-03,,17,2,0,0,0,0,1,0,19,0,28,0,0,0.02,86,,217,0.03,0,58,72.1,43.8
USC00291480,"CARLSBAD CAVERNS, NM US",32.1783,-104.4433,1351.8,2000-04,,124,2,1,0,0,0,0,0,22,4,35,0,0,0.11,93,,111,0.14,0,65.6,78.3,52.9
USC00291480,"CARLSBAD CAVERNS, NM US",32.1783,-104.4433,1351.8,2000-05,,,0,0,0,0,,,0,26,19,,0,0,0,106,,,0,0,,91.5,
USC00291480,"CARLSBAD CAVERNS, NM US",32.1783,-104.4433,1351.8,2000-06,,269,12,10,0,0,0,0,0,27,17,56,0,0,0.81,99,,1,4.41,0,76,88.6,63.3
USC00291480,"CARLSBAD CAVERNS, NM US",32.1783,-104.4433,1351.8,2000-07,,437,3,2,0,0,0,0,0,29,25,60,0,0,1.33,104,0,0,1.77,0,81.8,93.8,69.7
USC00291480,"CARLSBAD CAVERNS, NM US",32.1783,-104.4433,1351.8,2000-08,,461,5,3,0,0,0,0,0,30,24,56,0,0,1.54,98,0,0,2.48,0,80.8,92.6,68.9
USC00291480,"CARLSBAD CAVERNS, NM US",32.1783,-104.4433,1351.8,2000-09,,288,0,0,0,0,0,0,0,29,13,42,0,0,0,97,11,11,0,0,75.4,88.3,62.5
USC00291480,"CARLSBAD CAVERNS, NM US",32.1783,-104.4433,1351.8,2000-10,,76,17,7,0,0,0,3,0,21,4,30,0,0,0.54,97,184,172,2.49,0,61.4,73.3,49.6
USC00291480,"CARLSBAD CAVERNS, NM US",32.1783,-104.4433,1351.8,2000-11,,0,6,5,0,0,0,10,0,2,0,26,0,0.3,0.65,72,656,472,1.49,0.3,47.8,58.8,36.8
USC00291480,"CARLSBAD CAVERNS, NM US",32.1783,-104.4433,1351.8,2000-12,,0,3,1,0,0,0,15,0,1,0,19,0,0.1,0.12,71,1181,525,0.19,0.1,45.5,59.2,31.9
USC00291480,"CARLSBAD CAVERNS, NM US",32.1783,-104.4433,1351.8,2001-01,0,0,2,1,,1,0,17,1,0,0,19,,2,0.6,67,1782,600,0.61,3,41.9,53.3,30.5
USC00291480,"CARLSBAD CAVERNS, NM US",32.1783,-104.4433,1351.8,2001-02,,,2,1,0,0,,,0,6,0,,0,0,0.28,76,,,0.29,0,,62,
USC00291480,"CARLSBAD CAVERNS, NM US",32.1783,-104.4433,1351.8,2001-03,,,6,5,0,0,,,,,,,0,0,0.22,,,,0.81,0,,,
USC00291480,"CARLSBAD CAVERNS, NM US",32.1783,-104.4433,1351.8,2001-05,,,1,1,0,0,,,,,,,0,0,0.1,,,,0.1,0,,,
USC00291480,"CARLSBAD CAVERNS, NM US",32.1783,-104.4433,1351.8,2001-06,,468,2,1,0,0,0,0,0,28,25,59,0,0,0.18,103,,0,0.21,0,81.7,94.6,68.9
USC00291480,"CARLSBAD CAVERNS, NM US",32.1783,-104.4433,1351.8,2001-07,,546,6,5,0,0,0,0,0,31,29,61,0,0,1.1,103,0,0,3.39,0,83.2,95.6,70.7
USC00291480,"CARLSBAD CAVERNS, NM US",32.1783,-104.4433,1351.8,2001-08,,446,6,2,0,0,0,0,0,31,22,62,0,0,0.65,99,0,0,1.06,0,79.4,91.1,67.7
USC00291480,"CARLSBAD CAVERNS, NM US",32.1783,-104.4433,1351.8,2001-09,,244,3,0,0,0,0,0,0,29,10,47,0,0,0.04,99,4,4,0.07,0,73.3,86.5,60.1
USC00291480,"CARLSBAD CAVERNS, NM US",32.1783,-104.4433,1351.8,2001-10,,98,1,1,0,0,0,0,0,27,0,38,0,0,0.14,89,65,61,0.14,0,66.3,78.9,53.6
USC00291480,"CARLSBAD CAVERNS, NM US",32.1783,-104.4433,1351.8,2001-11,,12,4,1,2,0,0,3,1,15,0,19,1,0.5,0.75,85,385,320,0.84,0.5,54.2,65.3,43.2
USC00291480,"CARLSBAD CAVERNS, NM US",32.1783,-104.4433,1351.8,2001-12,,0,2,2,1,1,0,8,0,2,0,19,1,1,0.19,72,898,513,0.37,1,46.9,57.3,36.6
USC00291480,"CARLSBAD CAVERNS, NM US",32.1783,-104.4433,1351.8,2002-01,0,0,3,0,1,0,0,10,2,8,0,20,1,0.5,0.03,76,1384,486,0.06,0.5,48.5,60.6,36.4
USC00291480,"CARLSBAD CAVERNS, NM US",32.1783,-104.4433,1351.8,2002-02,2,2,3,2,1,2,0,13,1,3,0,14,1,1,0.65,79,1894,509,0.76,2,45.1,56.5,33.6
USC00291480,"CARLSBAD CAVERNS, NM US",32.1783,-104.4433,1351.8,2002-03,27,24,4,4,0,0,0,9,1,14,0,15,0,0,0.67,83,2285,391,1.45,0,52.8,66.7,38.8
USC00291480,"CARLSBAD CAVERNS, NM US",32.1783,-104.4433,1351.8,2002-04,,,0,0,0,0,,,0,25,2,,0,0,0,95,,,0,0,,79.9,
USC00291480,"CARLSBAD CAVERNS, NM US",32.1783,-104.4433,1351.8,2002-05,,,1,1,0,0,,,,,,,0,0,0.15,,,,0.15,0,,,
USC00291480,"CARLSBAD CAVERNS, NM US",32.1783,-104.4433,1351.8,2002-06,,461,1,1,0,0,0,0,0,28,25,57,0,0,0.15,103,,0,0.15,0,81.5,95.4,67.6
USC00291480,"CARLSBAD CAVERNS, NM US",32.1783,-104.4433,1351.8,2002-07,,431,3,1,0,0,0,0,0,30,19,58,0,0,1.07,100,0,0,1.21,0,79.4,90.9,67.8
USC00291480,"CARLSBAD CAVERNS, NM US",32.1783,-104.4433,1351.8,2002-08,,483,7,6,0,0,0,0,0,31,19,61,0,0,1.18,103,0,0,2.04,0,80.6,91.6,69.6
USC00291480,"CARLSBAD CAVERNS, NM US",32.1783,-104.4433,1351.8,2002-09,,254,3,3,0,0,0,0,0,27,3,44,0,0,2,93,4,4,2.68,0,74,85.1,62.9
USC00291480,"CARLSBAD CAVERNS, NM US",32.1783,-104.4433,1351.8,2002-10,,42,11,6,0,0,0,0,0,13,0,39,0,0,0.88,87,175,170,2.41,0,60.4,70.3,50.5
USC00291480,"CARLSBAD CAVERNS, NM US",32.1783,-104.4433,1351.8,2002-11,,3,5,3,0,0,0,5,0,5,0,29,0,0,0.15,74,588,413,0.44,0,51.3,60.2,42.5
USC00291480,"CARLSBAD CAVERNS, NM US",32.1783,-104.4433,1351.8,2003-01,0,0,0,0,0,0,0,7,0,5,0,18,0,0,0,75,,516,0,0,48.4,59.9,36.9
USC00291480,"CARLSBAD CAVERNS, NM US",32.1783,-104.4433,1351.8,2003-02,1,1,4,2,0,0,0,9,1,4,0,13,0,0,0.79,77,,414,1.39,0,46.8,58.5,35.1
USC00291480,"CARLSBAD CAVERNS, NM US",32.1783,-104.4433,1351.8,2003-03,21,20,4,1,1,1,0,2,0,14,0,27,1,1,0.46,82,,258,0.6,1,56.5,68.1,44.9
USC00291480,"CARLSBAD CAVERNS, NM US",32.1783,-104.4433,1351.8,2003-04,111,90,0,0,0,0,0,0,0,22,0,37,0,0,0,87,,76,0,0,65.5,77.4,53.7
USC00291480,"CARLSBAD CAVERNS, NM US",32.1783,-104.4433,1351.8,2003-05,347,236,4,2,0,0,0,0,0,26,9,42,0,0,0.36,101,,27,0.62,0,72.7,85,60.5
USC00291480,"CARLSBAD CAVERNS, NM US",32.1783,-104.4433,1351.8,2003-06,654,307,7,2,0,0,0,0,0,25,15,52,0,0,0.23,100,,0,0.58,0,77.3,90.5,64.1
USC00291480,"CARLSBAD CAVERNS, NM US",32.1783,-104.4433,1351.8,2003-07,,,2,2,0,0,,,,,,,0,0,0.44,,,,0.73,0,,,
USC00291480,"CARLSBAD CAVERNS, NM US",32.1783,-104.4433,1351.8,2003-08,,409,7,1,0,0,0,0,0,27,17,59,0,0,0.12,102,,0,0.54,0,80.1,92,68.3
USC00291480,"CARLSBAD CAVERNS, NM US",32.1783,-104.4433,1351.8,2003-09,,,3,2,0,0,,,0,25,5,,0,0,0.18,95,,,0.4,0,,84.1,
USC00291480,"CARLSBAD CAVERNS, NM US",32.1783,-104.4433,1351.8,2003-11,,19,4,2,0,0,0,3,0,14,0,19,0,0,0.24,81,,272,0.53,0,55.7,66.2,45.2
USC00291480,"CARLSBAD CAVERNS, NM US",32.1783,-104.4433,1351.8,2003-12,,0,0,0,0,0,0,5,0,6,0,27,0,0,0,80,,430,0,0,49.3,60.4,38.2
USC00291480,"CARLSBAD CAVERNS, NM US",32.1783,-104.4433,1351.8,2004-01,0,0,5,2,0,0,0,7,0,2,0,18,0,0,0.11,72,,504,0.34,0,46.3,56.2,36.3
USC00291480,"CARLSBAD CAVERNS, NM US",32.1783,-104.4433,1351.8,2004-02,0,0,6,3,2,0,0,10,4,3,0,19,2,0.5,0.16,73,,516,0.41,1,44.4,54.3,34.5
USC00291480,"CARLSBAD CAVERNS, NM US",32.1783,-104.4433,1351.8,2004-03,42,42,4,3,0,0,0,0,0,15,0,36,0,0,0.9,86,,228,1.44,0,58.4,69.2,47.5
USC00291480,"CARLSBAD CAVERNS, NM US",32.1783,-104.4433,1351.8,2004-04,90,48,5,4,0,0,0,0,0,20,0,34,0,0,1.5,85,,131,2.62,0,61.1,71.8,50.5
USC00291480,"CARLSBAD CAVERNS, NM US",32.1783,-104.4433,1351.8,2004-05,,,1,1,0,0,,,,,,,0,0,0.15,,,,0.15,0,,,
USC00291480,"CARLSBAD CAVERNS, NM US",32.1783,-104.4433,1351.8,2004-06,,,6,4,0,0,,,,,,,0,0,1.22,,,,1.78,0,,,
USC00291480,"CARLSBAD CAVERNS, NM US",32.1783,-104.4433,1351.8,2004-08,,,8,5,0,0,,,,,,,0,0,0.85,,,,2.39,0,,,
USC00291480,"CARLSBAD CAVERNS, NM US",32.1783,-104.4433,1351.8,2004-10,,,6,4,0,0,,,,,,,0,0,0.8,,,,2.23,0,,,
USC00291480,"CARLSBAD CAVERNS, NM US",32.1783,-104.4433,1351.8,2004-11,,,,,0,0,,,,,,,0,0,,,,,4.5,0,,,
USC00291480,"CARLSBAD CAVERNS, NM US",32.1783,-104.4433,1351.8,2004-12,,,3,0,1,0,,,,,,,3,0,0.03,,,,0.67,3.3,,,
USC00291480,"CARLSBAD CAVERNS, NM US",32.1783,-104.4433,1351.8,2005-01,0,0,4,1,0,0,0,7,0,4,0,21,0,0,0.21,73,,441,0.45,0,48.1,58.5,37.6
USC00291480,"CARLSBAD CAVERNS, NM US",32.1783,-104.4433,1351.8,2005-02,,,8,5,0,0,,,,,,,0,0,0.71,,,,1.41,0,,,
USC00291480,"CARLSBAD CAVERNS, NM US",32.1783,-104.4433,1351.8,2005-03,,,3,2,0,0,,,,,,,0,0,0.27,,,,0.47,0,,,
USC00291480,"CARLSBAD CAVERNS, NM US",32.1783,-104.4433,1351.8,2005-05,,,5,3,0,0,,,,,,,0,0,0.7,,,,1.21,0,,,
USC00291480,"CARLSBAD CAVERNS, NM US",32.1783,-104.4433,1351.8,2005-06,,,0,0,0,0,,,,,,,0,0,0,,,,0,0,,,
USC00291480,"CARLSBAD CAVERNS, NM US",32.1783,-104.4433,1351.8,2005-07,,483,3,2,0,0,0,0,0,31,27,61,0,0,0.22,104,0,0,0.4,0,80.6,93.9,67.3
USC00291480,"CARLSBAD CAVERNS, NM US",32.1783,-104.4433,1351.8,2006-02,,14,1,1,0,0,0,6,0,12,0,20,0,0,0.24,84,,281,0.24,0,53.8,66.9,40.7
USC00291480,"CARLSBAD CAVERNS, NM US",32.1783,-104.4433,1351.8,2006-03,,19,4,4,0,0,0,5,0,13,0,28,0,0,0.91,83,,325,1.61,0,55.1,64.5,45.7
USC00291480,"CARLSBAD CAVERNS, NM US",32.1783,-104.4433,1351.8,2006-05,,318,4,4,0,0,0,0,0,30,14,52,0,0,0.92,99,,3,2.78,0,75.4,87.9,62.9
USC00291480,"CARLSBAD CAVERNS, NM US",32.1783,-104.4433,1351.8,2006-06,,406,3,2,0,0,0,0,0,27,17,57,0,0,1.34,103,,0,1.92,0,80.4,92.1,68.7
USC00291480,"CARLSBAD CAVERNS, NM US",32.1783,-104.4433,1351.8,2006-07,,416,2,1,0,0,0,0,0,27,17,59,0,0,0.49,99,0,0,0.53,0,80.4,91.5,69.3
USC00291480,"CARLSBAD CAVERNS, NM US",32.1783,-104.4433,1351.8,2006-09,,143,5,5,0,0,0,0,0,27,0,49,0,0,2.1,87,,18,5.04,0,69.2,79,59.5
USC00291480,"CARLSBAD CAVERNS, NM US",32.1783,-104.4433,1351.8,2006-10,,63,6,5,0,0,0,0,0,20,0,42,0,0,0.49,88,,130,1.46,0,62.9,73.1,52.6
USC00291480,"CARLSBAD CAVERNS, NM US",32.1783,-104.4433,1351.8,2006-11,,18,2,0,1,1,0,1,0,17,0,18,3,3,0.05,85,,191,0.08,3,58.9,71.3,46.5
USC00291480,"CARLSBAD CAVERNS, NM US",32.1783,-104.4433,1351.8,2006-12,,0,2,1,0,0,0,12,0,4,0,21,0,0.3,0.1,74,,538,0.13,0.6,45.9,56.4,35.5
USC00291480,"CARLSBAD CAVERNS, NM US",32.1783,-104.4433,1351.8,2007-01,0,0,2,0,,1,0,23,2,0,0,17,,13,0.09,68,,773,0.85,13,39.1,48.3,29.9
USC00291480,"CARLSBAD CAVERNS, NM US",32.1783,-104.4433,1351.8,2007-03,,24,6,4,0,0,0,1,0,19,0,25,0,0,0.66,85,,195,1.47,0,59.1,71.2,46.9
USC00291480,"CARLSBAD CAVERNS, NM US",32.1783,-104.4433,1351.8,2007-04,,48,2,2,0,0,0,3,0,24,0,28,0,0,0.8,85,,177,1.14,0,60.6,73.3,48
USC00291480,"CARLSBAD CAVERNS, NM US",32.1783,-104.4433,1351.8,2007-05,,122,5,5,0,0,0,0,0,25,1,51,0,0,1.7,91,,44,5.09,0,67.9,78.1,57.6
USC00291480,"CARLSBAD CAVERNS, NM US",32.1783,-104.4433,1351.8,2007-07,,394,4,3,0,0,0,0,0,31,15,60,0,0,2,97,0,0,3.4,0,78.1,89,67.2
USC00291480,"CARLSBAD CAVERNS, NM US",32.1783,-104.4433,1351.8,2007-08,,436,3,2,0,0,0,0,0,31,22,60,0,0,1.48,105,0,0,2.4,0,79.7,91.9,67.6
USC00291480,"CARLSBAD CAVERNS, NM US",32.1783,-104.4433,1351.8,2007-11,,27,1,1,0,1,0,4,3,18,0,24,0,4,0.43,87,,259,0.43,4,55.2,66.8,43.5
USC00291480,"CARLSBAD CAVERNS, NM US",32.1783,-104.4433,1351.8,2008-02,,,0,0,0,0,,,,,,,0,0,0,,,,0,0,,,
USC00291480,"CARLSBAD CAVERNS, NM US",32.1783,-104.4433,1351.8,2008-03,,18,2,0,0,0,0,5,0,16,0,28,0,0,0.04,82,,311,0.07,0,55.1,67.1,43
USC00291480,"CARLSBAD CAVERNS, NM US",32.1783,-104.4433,1351.8,2008-04,,97,0,0,0,0,0,0,0,23,0,38,0,0,0,88,,111,0,0,64.5,76.6,52.5
USC00291480,"CARLSBAD CAVERNS, NM US",32.1783,-104.4433,1351.8,2008-05,,228,4,2,0,0,0,0,0,25,9,39,0,0,2.18,97,,46,2.41,0,71.1,82.6,59.7
USC00291480,"CARLSBAD CAVERNS, NM US",32.1783,-104.4433,1351.8,2008-06,,479,4,4,0,0,0,0,0,30,24,61,0,0,0.77,104,,0,1.44,0,82.2,94.1,70.2
USC00291480,"CARLSBAD CAVERNS, NM US",32.1783,-104.4433,1351.8,2008-07,,348,7,6,0,0,0,0,0,31,10,62,0,0,1.55,95,0,0,3.65,0,76.7,86.2,67.3
USC00291480,"CARLSBAD CAVERNS, NM US",32.1783,-104.4433,1351.8,2008-08,,360,8,4,0,0,0,0,0,30,16,59,0,0,0.61,95,1,1,1.53,0,76.5,87.6,65.5
USC00291480,"CARLSBAD CAVERNS, NM US",32.1783,-104.4433,1351.8,2008-09,,119,7,5,0,0,0,0,0,26,0,54,0,0,1.1,89,13,11,3.48,0,68.7,78.1,59.2
USC00291480,"CARLSBAD CAVERNS, NM US",32.1783,-104.4433,1351.8,2008-10,,84,4,1,0,0,0,0,0,24,0,38,0,0,0.34,86,100,87,0.52,0,64.7,76.4,53.1
USC00291480,"CARLSBAD CAVERNS, NM US",32.1783,-104.4433,1351.8,2008-11,,19,1,0,0,0,0,4,0,11,0,26,0,0,0.02,82,419,319,0.02,0,54.8,66,43.6
USC00291480,"CARLSBAD CAVERNS, NM US",32.1783,-104.4433,1351.8,2008-12,,,2,1,0,0,,,,,,,0,0,0.19,,,,0.22,0,,,
USC00291480,"CARLSBAD CAVERNS, NM US",32.1783,-104.4433,1351.8,2009-01,,,0,0,0,0,,,,,,,0,0,0,,,,0,0,,,
USC00291480,"CARLSBAD CAVERNS, NM US",32.1783,-104.4433,1351.8,2009-03,,44,5,1,0,0,0,7,0,19,0,24,0,0,0.1,85,,284,0.25,0,57.3,70.3,44.2
USC00291480,"CARLSBAD CAVERNS, NM US",32.1783,-104.4433,1351.8,2009-04,,90,1,1,0,0,0,1,0,24,1,30,0,0,0.94,92,,144,0.94,0,63.2,75.6,50.8
USC00291480,"CARLSBAD CAVERNS, NM US",32.1783,-104.4433,1351.8,2009-05,,206,4,4,0,0,0,0,0,27,9,49,0,0,0.38,98,,20,0.81,0,71.4,84.4,58.4
USC00291480,"CARLSBAD CAVERNS, NM US",32.1783,-104.4433,1351.8,2009-06,,424,7,5,0,0,0,0,0,30,22,56,0,0,0.34,98,,0,1.05,0,79.1,91.3,67
USC00291480,"CARLSBAD CAVERNS, NM US",32.1783,-104.4433,1351.8,2009-07,,457,10,5,0,0,0,0,0,31,22,60,0,0,1.99,103,0,0,5.06,0,79.7,91.3,68.1
USC00291480,"CARLSBAD CAVERNS, NM US",32.1783,-104.4433,1351.8,2009-08,,452,4,2,0,0,0,0,0,31,21,60,0,0,0.38,97,0,0,0.67,0,79.6,90.8,68.3
USC00291480,"CARLSBAD CAVERNS, NM US",32.1783,-104.4433,1351.8,2009-09,,182,7,2,0,0,0,0,0,27,1,47,0,0,0.56,92,21,21,0.96,0,70.4,81.5,59.2
USC00291480,"CARLSBAD CAVERNS, NM US",32.1783,-104.4433,1351.8,2009-10,,89,7,4,0,0,0,0,0,21,1,33,0,0,0.29,92,182,161,0.91,0,62.7,74.7,50.6
USC00291480,"CARLSBAD CAVERNS, NM US",32.1783,-104.4433,1351.8,2009-11,,0,1,1,0,0,0,3,0,12,0,30,0,0,0.12,78,454,271,0.12,0,55.7,66.2,45.2
USC00291480,"CARLSBAD CAVERNS, NM US",32.1783,-104.4433,1351.8,2009-12,,0,4,3,6,2,0,18,2,0,0,19,7,7,0.7,66,1166,713,1.19,10.2,41.2,50.6,31.9
USC00291480,"CARLSBAD CAVERNS, NM US",32.1783,-104.4433,1351.8,2010-01,0,0,4,2,1,1,0,11,2,0,0,15,2,2,0.82,66,1821,655,1.03,2.2,42.4,52.1,32.8
USC00291480,"CARLSBAD CAVERNS, NM US",32.1783,-104.4433,1351.8,2010-02,0,0,4,4,2,2,0,11,1,0,0,20,2,2,0.52,67,2364,542,1.66,3,43.9,54.4,33.4
USC00291480,"CARLSBAD CAVERNS, NM US",32.1783,-104.4433,1351.8,2010-03,5,5,5,2,0,0,0,2,0,12,0,26,0,0,0.18,85,2756,392,0.45,0,52.3,64.6,40
USC00291480,"CARLSBAD CAVERNS, NM US",32.1783,-104.4433,1351.8,2010-04,53,48,7,4,0,0,0,0,0,22,0,39,0,0,0.42,85,2880,124,1.08,0,62.5,74.3,50.6
USC00291480,"CARLSBAD CAVERNS, NM US",32.1783,-104.4433,1351.8,2010-05,294,241,1,1,0,0,0,0,0,27,8,43,0,0,0.1,97,2926,45,0.1,0,71.3,83.5,59.1
USC00291480,"CARLSBAD CAVERNS, NM US",32.1783,-104.4433,1351.8,2010-06,824,530,5,3,0,0,0,0,0,30,29,62,0,0,0.35,108,2926,0,0.7,0,82.7,96.7,68.7
USC00291480,"CARLSBAD CAVERNS, NM US",32.1783,-104.4433,1351.8,2010-07,1150,326,11,10,0,0,0,0,0,31,9,61,0,0,2.2,94,0,0,8.86,0,75.5,85.6,65.4
USC00291480,"CARLSBAD CAVERNS, NM US",32.1783,-104.4433,1351.8,2010-08,1606,456,3,3,0,0,0,0,0,31,21,57,0,0,2.55,98,0,0,3.06,0,79.7,90.8,68.6
USC00291480,"CARLSBAD CAVERNS, NM US",32.1783,-104.4433,1351.8,2010-09,1904,298,7,4,0,0,0,0,0,30,10,58,0,0,3,96,0,0,6.65,0,74.9,85.5,64.3
USC00291480,"CARLSBAD CAVERNS, NM US",32.1783,-104.4433,1351.8,2010-10,1995,91,1,1,0,0,0,0,0,30,0,45,0,0,0.5,88,30,30,0.5,0,67,78.6,55.3
USC00291480,"CARLSBAD CAVERNS, NM US",32.1783,-104.4433,1351.8,2010-11,2000,4,0,0,0,0,0,2,0,14,0,28,0,0,0,82,297,267,0,0,56.3,67.8,44.7
USC00291480,"CARLSBAD CAVERNS, NM US",32.1783,-104.4433,1351.8,2010-12,2004,4,1,0,0,0,0,6,0,11,0,26,0,0,0.03,79,723,426,0.03,0,51.4,62.2,40.5
USC00291480,"CARLSBAD CAVERNS, NM US",32.1783,-104.4433,1351.8,2011-01,0,0,0,0,0,0,0,10,1,4,0,20,0,0,0,76,1291,568,0,0,46.7,58.3,35
USC00291480,"CARLSBAD CAVERNS, NM US",32.1783,-104.4433,1351.8,2011-02,12,12,4,0,4,1,2,9,4,14,0,-4,4,4,0.08,83,1785,494,0.16,4.3,47.8,60.9,34.7
USC00291480,"CARLSBAD CAVERNS, NM US",32.1783,-104.4433,1351.8,2011-03,80,68,0,0,0,0,0,0,0,26,0,35,0,0,0,88,1902,117,0,0,63.4,76.9,50
USC00291480,"CARLSBAD CAVERNS, NM US",32.1783,-104.4433,1351.8,2011-04,290,209,0,0,0,0,0,0,0,29,9,39,0,0,0,94,1932,29,0,0,71,84.7,57.2
USC00291480,"CARLSBAD CAVERNS, NM US",32.1783,-104.4433,1351.8,2011-05,581,291,0,0,0,0,0,0,0,29,12,36,0,0,0,103,1962,31,0,0,73.4,87,59.8
USC00291480,"CARLSBAD CAVERNS, NM US",32.1783,-104.4433,1351.8,2011-06,1170,589,1,0,0,0,0,0,0,27,27,67,0,0,0.02,106,1962,0,0.02,0,86.9,100.6,73.2
USC00291480,"CARLSBAD CAVERNS, NM US",32.1783,-104.4433,1351.8,2011-07,1761,591,2,1,0,0,0,0,0,31,31,65,0,0,0.23,100,0,0,0.29,0,84.1,95.6,72.5
USC00291480,"CARLSBAD CAVERNS, NM US",32.1783,-104.4433,1351.8,2011-08,2375,613,5,4,,,0,0,0,31,29,67,,,0.31,101,0,0,0.94,,84.8,95.9,73.6
USC00291480,"CARLSBAD CAVERNS, NM US",32.1783,-104.4433,1351.8,2011-09,2674,299,4,3,,,0,0,0,27,10,56,,,1.87,95,4,4,2.38,,75.6,85.9,65.2
USC00291480,"CARLSBAD CAVERNS, NM US",32.1783,-104.4433,1351.8,2011-10,2786,112,3,2,,,0,0,0,25,0,34,,,0.3,88,103,99,0.48,,65.4,76.8,54
USC00291480,"CARLSBAD CAVERNS, NM US",32.1783,-104.4433,1351.8,2011-11,2796,10,2,0,0,0,0,3,0,14,0,29,0,0,0.06,82,399,296,0.09,0,55.5,65.9,45
USC00291480,"CARLSBAD CAVERNS, NM US",32.1783,-104.4433,1351.8,2011-12,2796,0,11,7,5,5,0,18,4,0,0,11,4,12,1,67,1211,812,2.38,22,38.8,46.9,30.8
USC00291480,"CARLSBAD CAVERNS, NM US",32.1783,-104.4433,1351.8,2012-01,0,0,3,2,0,1,0,6,0,4,0,23,0,1,0.12,75,1709,498,0.28,1,48.9,59.4,38.5
USC00291480,"CARLSBAD CAVERNS, NM US",32.1783,-104.4433,1351.8,2012-02,0,0,1,0,0,0,0,9,0,4,0,22,0,0,0.03,76,2224,515,0.03,0,47.2,57.8,36.7
USC00291480,"CARLSBAD CAVERNS, NM US",32.1783,-104.4433,1351.8,2012-03,61,61,2,0,0,0,0,5,0,22,0,29,0,0,0.02,86,2458,234,0.04,0,59.4,71.8,47
USC00291480,"CARLSBAD CAVERNS, NM US",32.1783,-104.4433,1351.8,2012-04,199,137,3,2,0,0,0,0,0,27,3,42,0,0,0.21,96,2508,50,0.41,0,67.9,81,54.8
USC00291480,"CARLSBAD CAVERNS, NM US",32.1783,-104.4433,1351.8,2012-05,486,288,6,6,0,0,0,0,0,26,15,47,0,0,0.67,95,2567,59,2.54,0,72.4,83.3,61.4
USC00291480,"CARLSBAD CAVERNS, NM US",32.1783,-104.4433,1351.8,2012-06,1004,518,3,0,0,0,0,0,0,30,26,61,0,0,0.04,103,2567,0,0.07,0,82.3,94.7,69.8
USC00291480,"CARLSBAD CAVERNS, NM US",32.1783,-104.4433,1351.8,2012-07,1419,414,4,3,0,0,0,0,0,30,15,62,0,0,1.86,95,0,0,2.27,0,78.8,88.7,68.9
USC00291480,"CARLSBAD CAVERNS, NM US",32.1783,-104.4433,1351.8,2012-09,,,5,3,0,0,,,,,,,0,0,2.28,,,,2.9,0,,,
USC00291480,"CARLSBAD CAVERNS, NM US",32.1783,-104.4433,1351.8,2012-11,,22,1,1,0,0,0,1,0,15,0,30,0,0,0.1,80,,221,0.1,0,58.4,68.1,48.7
USC00291480,"CARLSBAD CAVERNS, NM US",32.1783,-104.4433,1351.8,2013-04,,97,0,0,0,0,0,2,0,23,0,30,0,0,0,89,,137,0,0,63.7,76.2,51.1
USC00291480,"CARLSBAD CAVERNS, NM US",32.1783,-104.4433,1351.8,2013-05,,262,0,0,0,0,0,0,0,28,12,35,0,0,0,96,,47,0,0,71.9,84.1,59.8
USC00291480,"CARLSBAD CAVERNS, NM US",32.1783,-104.4433,1351.8,2013-06,,,2,0,0,0,,,,,,,0,0,0.08,,,,0.11,0,,,
USC00291480,"CARLSBAD CAVERNS, NM US",32.1783,-104.4433,1351.8,2013-07,,386,,,0,0,0,0,0,30,16,57,0,0,,99,2,2,,0,77.4,88,66.7
USC00291480,"CARLSBAD CAVERNS, NM US",32.1783,-104.4433,1351.8,2013-08,,457,1,0,0,0,0,0,0,31,20,64,0,0,0.09,95,2,0,0.09,0,79.8,90.4,69.2
USC00291480,"CARLSBAD CAVERNS, NM US",32.1783,-104.4433,1351.8,2013-09,,,,,0,0,,,,,,,0,0,,,,,,0,,,
USC00291480,"CARLSBAD CAVERNS, NM US",32.1783,-104.4433,1351.8,2013-10,,59,3,1,0,0,0,0,0,21,0,36,0,0,0.2,86,,114,0.3,0,63.1,73.9,52.3
USC00291480,"CARLSBAD CAVERNS, NM US",32.1783,-104.4433,1351.8,2013-11,,0,4,2,0,0,0,3,0,10,0,23,0,0,0.74,75,,324,0.88,0,53.4,63.1,43.8
USC00291480,"CARLSBAD CAVERNS, NM US",32.1783,-104.4433,1351.8,2013-12,,0,2,2,0,0,0,13,0,0,0,22,0,0,0.42,69,,536,0.72,0,45.2,53.8,36.5
USC00291480,"CARLSBAD CAVERNS, NM US",32.1783,-104.4433,1351.8,2014-01,0,0,0,0,0,0,0,14,2,2,0,11,0,0,0,73,,585,0,0,44.8,57,32.6
USC00291480,"CARLSBAD CAVERNS, NM US",32.1783,-104.4433,1351.8,2014-02,5,5,2,1,0,0,0,13,3,13,0,12,0,0.3,0.24,82,,464,0.25,0.3,48.6,60.4,36.8
USC00291480,"CARLSBAD CAVERNS, NM US",32.1783,-104.4433,1351.8,2014-04,,,1,1,0,0,,,0,16,0,,0,0,0.58,86,,,0.58,0,,73.5,
USC00291480,"CARLSBAD CAVERNS, NM US",32.1783,-104.4433,1351.8,2014-05,,217,0,0,0,0,0,0,0,27,6,42,0,0,0,95,,54,0,0,70.2,81,59.4
USC00291480,"CARLSBAD CAVERNS, NM US",32.1783,-104.4433,1351.8,2014-06,,462,0,0,0,0,0,0,0,30,21,56,0,0,0,103,,0,0,0,80.4,93.8,67
USC00291480,"CARLSBAD CAVERNS, NM US",32.1783,-104.4433,1351.8,2014-07,,,5,3,,,,,,,,,,,0.58,,,,0.94,,,,
USC00291480,"CARLSBAD CAVERNS, NM US",32.1783,-104.4433,1351.8,2016-04,,42,3,1,0,0,0,1,0,20,0,32,0,0,0.36,87,,112,0.48,0,62,75.8,48.3
USC00291480,"CARLSBAD CAVERNS, NM US",32.1783,-104.4433,1351.8,2016-05,,179,5,3,0,0,0,0,0,29,6,38,0,0,0.16,92,,44,0.46,0,69.3,84.3,54.4
USC00291480,"CARLSBAD CAVERNS, NM US",32.1783,-104.4433,1351.8,2016-06,,422,4,2,0,0,0,0,0,30,20,55,0,0,0.25,102,,0,0.52,0,79.1,93.1,65.1
USC00291480,"CARLSBAD CAVERNS, NM US",32.1783,-104.4433,1351.8,2016-07,,611,4,2,0,0,0,0,0,31,31,66,0,0,0.42,105,0,0,0.67,0,84.7,97.9,71.5
USC00291480,"CARLSBAD CAVERNS, NM US",32.1783,-104.4433,1351.8,2016-08,,339,13,10,0,0,0,0,0,30,12,59,0,0,2.78,97,0,0,7.57,0,75.9,86.8,65.1
USC00291480,"CARLSBAD CAVERNS, NM US",32.1783,-104.4433,1351.8,2016-09,,183,11,7,0,0,0,0,0,28,0,48,0,0,0.49,89,19,19,2.35,0,70.5,79.9,61.1
USC00291480,"CARLSBAD CAVERNS, NM US",32.1783,-104.4433,1351.8,2016-10,,149,1,0,0,0,0,0,0,26,3,47,0,0,0.08,90,67,48,0.08,0,68.3,78.7,57.8
USC00291480,"CARLSBAD CAVERNS, NM US",32.1783,-104.4433,1351.8,2016-11,,19,6,3,0,0,0,1,0,10,0,32,0,0,1.76,84,346,279,2.63,0,56.4,65.6,47
USC00291480,"CARLSBAD CAVERNS, NM US",32.1783,-104.4433,1351.8,2016-12,,0,5,1,0,0,0,11,2,4,0,8,0,0,0.66,74,933,587,0.76,0,46.1,57.8,34.4
USC00291480,"CARLSBAD CAVERNS, NM US",32.1783,-104.4433,1351.8,2017-01,4,4,8,1,0,0,0,12,1,4,0,11,0,0,0.14,79,1538,605,0.24,0,45.6,56.5,34.8
USC00291480,"CARLSBAD CAVERNS, NM US",32.1783,-104.4433,1351.8,2017-02,17,13,3,1,0,0,0,9,0,13,0,29,0,0,0.1,84,1842,303,0.19,0,54.6,67,42.2
USC00291480,"CARLSBAD CAVERNS, NM US",32.1783,-104.4433,1351.8,2017-03,56,39,0,0,0,0,0,1,0,25,0,32,0,0,0,87,2006,164,0,0,61,75.1,46.8
USC00291480,"CARLSBAD CAVERNS, NM US",32.1783,-104.4433,1351.8,2017-04,146,90,2,2,0,0,0,0,0,25,2,34,0,0,0.31,90,2116,110,0.5,0,64.3,79,49.6
USC00291480,"CARLSBAD CAVERNS, NM US",32.1783,-104.4433,1351.8,2017-05,299,153,3,1,0,0,0,2,0,29,8,32,0,0,0.81,94,2155,39,0.86,0,68.7,82.6,54.8
USC00291480,"CARLSBAD CAVERNS, NM US",32.1783,-104.4433,1351.8,2017-06,739,440,8,2,0,0,0,0,0,30,17,58,0,0,0.76,104,2155,0,1.22,0,79.7,93.1,66.3
USC00291480,"CARLSBAD CAVERNS, NM US",32.1783,-104.4433,1351.8,2017-07,1181,442,8,4,0,0,0,0,0,31,22,63,0,0,0.82,99,0,0,1.64,0,79.3,90.6,67.9
USC00291480,"CARLSBAD CAVERNS, NM US",32.1783,-104.4433,1351.8,2017-08,1496,315,10,6,0,0,0,0,0,31,4,62,0,0,1.13,91,0,0,3.99,0,75.1,85,65.3
USC00291480,"CARLSBAD CAVERNS, NM US",32.1783,-104.4433,1351.8,2017-09,1764,268,10,6,0,0,0,0,0,26,11,54,0,0,0.89,97,25,25,3.27,0,73.1,83.8,62.4
USC00291480,"CARLSBAD CAVERNS, NM US",32.1783,-104.4433,1351.8,2017-10,1837,73,5,2,0,0,0,0,0,23,0,38,0,0,0.15,88,103,78,0.41,0,64.8,76.2,53.5
USC00291480,"CARLSBAD CAVERNS, NM US",32.1783,-104.4433,1351.8,2017-11,1864,26,6,3,0,0,0,0,0,18,0,35,0,0,0.34,82,344,242,0.92,0,57.8,69.5,46.1
USC00291480,"CARLSBAD CAVERNS, NM US",32.1783,-104.4433,1351.8,2017-12,1864,0,3,1,0,1,0,10,0,4,0,22,0,1.2,0.4,75,850,506,0.48,1.6,48.7,59.9,37.5
USC00291480,"CARLSBAD CAVERNS, NM US",32.1783,-104.4433,1351.8,2018-01,0,0,3,0,0,0,0,10,3,3,0,9,0,0,0.09,73,1482,631,0.17,0,44.6,55.4,33.9
USC00291480,"CARLSBAD CAVERNS, NM US",32.1783,-104.4433,1351.8,2018-02,0,0,3,2,0,0,0,13,0,9,0,18,0,0,0.2,77,1946,464,0.41,0,48.4,62.6,34.3
USC00291480,"CARLSBAD CAVERNS, NM US",32.1783,-104.4433,1351.8,2018-03,36,36,1,0,0,0,0,0,0,18,0,36,0,0,0.08,86,2170,225,0.08,0,58.9,70.7,47.1
USC00291480,"CARLSBAD CAVERNS, NM US",32.1783,-104.4433,1351.8,2018-04,108,72,2,0,0,0,0,1,0,27,3,30,0,0,0.02,90,2272,101,0.04,0,64,79.3,48.8
USC00291480,"CARLSBAD CAVERNS, NM US",32.1783,-104.4433,1351.8,2018-05,500,392,4,1,0,0,0,0,0,31,19,52,0,0,0.85,99,2272,0,0.94,0,77.6,89.5,65.8
USC00291480,"CARLSBAD CAVERNS, NM US",32.1783,-104.4433,1351.8,2018-06,1014,513,3,1,0,0,0,0,0,30,26,57,0,0,0.24,103,2272,0,0.27,0,82.1,95.7,68.5
USC00291480,"CARLSBAD CAVERNS, NM US",32.1783,-104.4433,1351.8,2018-07,,,4,1,0,0,,,,,,,0,0,0.5,,,,0.67,0,,,
USC00291480,"CARLSBAD CAVERNS, NM US",32.1783,-104.4433,1351.8,2018-08,,450,7,3,0,0,0,0,0,31,24,58,0,0,1,96,,0,2.09,0,79.5,91.2,67.8
USC00291480,"CARLSBAD CAVERNS, NM US",32.1783,-104.4433,1351.8,2018-09,,182,9,6,0,0,0,0,0,29,2,51,0,0,0.79,94,,13,1.92,0,70.6,80.9,60.4
USC00291480,"CARLSBAD CAVERNS, NM US",32.1783,-104.4433,1351.8,2018-10,,72,14,6,0,0,0,2,0,18,2,29,0,0,2,91,,230,4.61,0,59.9,69.2,50.6
USC00291480,"CARLSBAD CAVERNS, NM US",32.1783,-104.4433,1351.8,2018-11,,1,6,1,0,0,0,4,0,6,0,24,0,0,0.42,80,,450,0.52,0,50,60.2,39.8
USC00291480,"CARLSBAD CAVERNS, NM US",32.1783,-104.4433,1351.8,2019-01,0,0,,,0,0,0,13,1,1,0,20,0,0,,73,,631,,0,44.6,54.8,34.5
USC00291480,"CARLSBAD CAVERNS, NM US",32.1783,-104.4433,1351.8,2019-02,0,0,0,0,0,0,0,9,0,6,0,20,0,0,0,74,,409,0,0,49.9,61.4,38.3
USC00291480,"CARLSBAD CAVERNS, NM US",32.1783,-104.4433,1351.8,2019-03,15,15,4,2,0,0,0,7,1,14,0,15,0,0,0.88,82,,427,1.11,0,51.7,62.7,40.7
USC00291480,"CARLSBAD CAVERNS, NM US",32.1783,-104.4433,1351.8,2019-04,110,96,2,1,0,0,0,1,0,24,1,32,0,0,0.34,90,,96,0.35,0,65,76.7,53.2
USC00291480,"CARLSBAD CAVERNS, NM US",32.1783,-104.4433,1351.8,2019-05,283,173,2,2,0,0,0,0,0,27,4,40,0,0,0.13,91,,54,0.24,0,68.8,80.3,57.3
USC00291480,"CARLSBAD CAVERNS, NM US",32.1783,-104.4433,1351.8,2019-06,641,358,5,3,0,0,0,0,0,30,18,54,0,0,0.24,99,,2,0.55,0,76.9,89.5,64.2
USC00291480,"CARLSBAD CAVERNS, NM US",32.1783,-104.4433,1351.8,2019-07,1144,504,8,5,0,0,0,0,0,31,21,62,0,0,0.63,101,0,0,1.55,0,81.2,92.3,70.2
USC00291480,"CARLSBAD CAVERNS, NM US",32.1783,-104.4433,1351.8,2019-08,1745,600,3,0,0,0,0,0,0,31,29,65,0,0,0.07,105,0,0,0.1,0,84.4,95.7,73.1
USC00291480,"CARLSBAD CAVERNS, NM US",32.1783,-104.4433,1351.8,2019-09,2097,352,11,6,0,0,0,0,0,30,8,61,0,0,0.67,92,0,0,2.55,0,76.7,87.3,66.2