STATION,NAME,LATITUDE,LONGITUDE,ELEVATION,DATE,CDSD,CLDD,DP01,DP10,DSND,DSNW,DT00,DT32,DX32,DX70,DX90,EMNT,EMSD,EMSN,EMXP,EMXT,EVAP,HDSD,HTDD,MNPN,MXPN,PRCP,SNOW,TAVG,TMAX,TMIN,WDMV
USC00420336,"ARCHES NATIONAL PARK HQS, UT US",38.6163,-109.6191,1247.5,1980-06,,371,0,0,0,0,0,0,0,30,19,51,0,0,0,104,14.25,,0,58,89,0,0,77.4,93.1,61.7,1369.5
USC00420336,"ARCHES NATIONAL PARK HQS, UT US",38.6163,-109.6191,1247.5,1980-07,,558,5,3,0,0,0,0,0,31,30,60,0,0,0.23,105,12.84,0,0,65,94,0.68,0,83,99.4,66.6,1037.7
USC00420336,"ARCHES NATIONAL PARK HQS, UT US",38.6163,-109.6191,1247.5,1980-08,,479,4,2,0,0,0,0,0,31,25,51,0,0,0.46,106,12.57,0,0,63,91,0.87,0,80.5,95.9,65,1217.3
USC00420336,"ARCHES NATIONAL PARK HQS, UT US",38.6163,-109.6191,1247.5,1980-09,,178,5,3,0,0,0,0,0,29,9,42,0,0,0.37,96,8.21,16,16,56,83,0.84,0,70.4,86.3,54.5,839.5
USC00420336,"ARCHES NATIONAL PARK HQS, UT US",38.6163,-109.6191,1247.5,1980-10,,22,4,4,0,0,0,8,0,16,2,26,0,0,0.38,91,4.69,332,316,44,69,1.1,0,55.5,71.5,39.6,764.3
USC00420336,"ARCHES NATIONAL PARK HQS, UT US",38.6163,-109.6191,1247.5,1980-11,,0,3,3,0,0,0,17,0,4,0,19,0,0,0.56,77,,976,644,,,0.86,0,43.5,56.2,30.9,
USC00420336,"ARCHES NATIONAL PARK HQS, UT US",38.6163,-109.6191,1247.5,1980-12,,0,3,2,0,0,0,23,0,0,0,22,0,0,0.14,64,,1746,770,,,0.27,0,39.3,50.4,28.2,
USC00420336,"ARCHES NATIONAL PARK HQS, UT US",38.6163,-109.6191,1247.5,1981-01,0,0,3,1,0,0,0,30,0,0,0,19,0,0,0.32,59,,2606,860,,,0.36,0,37.3,51.2,23.3,
USC00420336,"ARCHES NATIONAL PARK HQS, UT US",38.6163,-109.6191,1247.5,1981-02,0,0,2,1,0,0,0,24,0,1,0,19,0,0,0.15,70,,3308,702,,,0.19,0,39.9,53.7,26.2,
USC00420336,"ARCHES NATIONAL PARK HQS, UT US",38.6163,-109.6191,1247.5,1981-03,0,0,14,4,0,0,0,12,0,2,0,27,0,0,0.37,74,,3871,563,,,1.22,0,46.8,58.6,35.1,1112.3
USC00420336,"ARCHES NATIONAL PARK HQS, UT US",38.6163,-109.6191,1247.5,1981-04,28,28,7,5,0,0,0,1,0,24,0,32,0,0,0.3,89,7.94,4049,178,48,76,1.03,0,60,74.6,45.4,1331.6
USC00420336,"ARCHES NATIONAL PARK HQS, UT US",38.6163,-109.6191,1247.5,1981-05,99,70,5,1,0,0,0,0,0,28,3,36,0,0,0.15,93,9.33,4152,103,51,81,0.36,0,63.9,78.6,49.2,1432.9
USC00420336,"ARCHES NATIONAL PARK HQS, UT US",38.6163,-109.6191,1247.5,1981-06,515,416,4,1,0,0,0,0,0,29,23,48,0,0,0.25,108,13.88,4161,9,59,90,0.4,0,79.1,95.4,62.8,1373.9
USC00420336,"ARCHES NATIONAL PARK HQS, UT US",38.6163,-109.6191,1247.5,1981-07,1066,551,8,3,0,0,0,0,0,31,29,59,0,0,0.23,107,12.25,0,0,65,93,0.64,0,82.8,98.7,66.9,1171.3
USC00420336,"ARCHES NATIONAL PARK HQS, UT US",38.6163,-109.6191,1247.5,1981-08,1537,472,9,4,0,0,0,0,0,31,25,58,0,0,0.35,105,10.7,0,0,63,92,1.24,0,80.2,95.3,65.1,994.8
USC00420336,"ARCHES NATIONAL PARK HQS, UT US",38.6163,-109.6191,1247.5,1981-09,1788,250,5,1,0,0,0,0,0,30,15,48,0,0,0.71,95,8.49,0,0,59,84,0.85,0,73.3,88.3,58.4,991.1
USC00420336,"ARCHES NATIONAL PARK HQS, UT US",38.6163,-109.6191,1247.5,1981-10,1793,5,7,4,0,0,0,1,0,12,0,32,0,0,0.91,87,3.9,287,287,44,64,2.2,0,55.9,68.9,42.9,1058.2
USC00420336,"ARCHES NATIONAL PARK HQS, UT US",38.6163,-109.6191,1247.5,1981-11,1793,0,3,1,2,2,0,16,0,0,0,22,1,4,0.14,69,,871,584,,,0.22,5,45.5,59.3,31.7,
USC00420336,"ARCHES NATIONAL PARK HQS, UT US",38.6163,-109.6191,1247.5,1981-12,1793,0,3,0,0,1,0,31,0,0,0,15,0,1,0.05,54,,1825,955,,,0.1,1,34.2,45.7,22.7,
USC00420336,"ARCHES NATIONAL PARK HQS, UT US",38.6163,-109.6191,1247.5,1982-01,0,0,5,2,2,1,0,31,4,0,0,9,1,1,0.16,59,,2874,1049,,,0.38,2,31.2,42.7,19.7,
USC00420336,"ARCHES NATIONAL PARK HQS, UT US",38.6163,-109.6191,1247.5,1982-02,0,0,4,1,1,2,0,19,4,0,0,5,2,2,0.11,66,,3632,758,,,0.23,3.3,36.6,47.2,26,
USC00420336,"ARCHES NATIONAL PARK HQS, UT US",38.6163,-109.6191,1247.5,1982-03,0,0,8,3,0,0,0,13,0,2,0,25,0,0,0.14,70,,4158,526,,,0.63,0,48,60.9,35.2,1398.1
USC00420336,"ARCHES NATIONAL PARK HQS, UT US",38.6163,-109.6191,1247.5,1982-04,2,2,1,0,0,0,0,8,0,14,0,21,0,0,0.02,81,8.65,4508,349,41,71,0.02,0,53.4,68.3,38.5,1862.2
USC00420336,"ARCHES NATIONAL PARK HQS, UT US",38.6163,-109.6191,1247.5,1982-05,78,76,3,0,0,0,0,1,0,30,3,31,0,0,0.02,92,10.27,4593,85,50,79,0.05,0,64.7,80.2,49.2,1559.6
USC00420336,"ARCHES NATIONAL PARK HQS, UT US",38.6163,-109.6191,1247.5,1982-06,351,273,3,2,0,0,0,0,0,30,16,43,0,0,0.23,102,12.78,4595,2,55,87,0.36,0,74,90,58,1450.3
USC00420336,"ARCHES NATIONAL PARK HQS, UT US",38.6163,-109.6191,1247.5,1982-07,889,538,6,1,0,0,0,0,0,31,28,50,0,0,0.33,106,14.21,0,0,61,91,0.45,0,82.4,96.9,67.8,1426
USC00420336,"ARCHES NATIONAL PARK HQS, UT US",38.6163,-109.6191,1247.5,1982-08,1380,491,7,4,0,0,0,0,0,31,26,61,0,0,0.65,104,10.82,0,0,64,90,1.69,0,80.9,94.8,66.9,1124.1
USC00420336,"ARCHES NATIONAL PARK HQS, UT US",38.6163,-109.6191,1247.5,1982-09,1595,215,8,6,0,0,0,0,0,26,9,44,0,0,0.52,99,6.77,51,51,56,80,1.97,0,70.5,83.6,57.4,1119.1
USC00420336,"ARCHES NATIONAL PARK HQS, UT US",38.6163,-109.6191,1247.5,1982-10,1595,0,2,1,0,0,0,7,0,14,0,28,0,0,0.7,80,,450,399,,,0.71,0,52.1,67.5,36.8,
USC00420336,"ARCHES NATIONAL PARK HQS, UT US",38.6163,-109.6191,1247.5,1982-11,1595,0,7,3,0,0,0,22,0,0,0,20,0,0,0.2,64,,1110,660,,,0.78,0,41.3,53.6,28.9,
USC00420336,"ARCHES NATIONAL PARK HQS, UT US",38.6163,-109.6191,1247.5,1982-12,1595,0,4,4,0,0,0,28,1,0,0,7,0,0,0.22,56,,2051,942,,,0.61,0,33.6,45.2,22.1,
USC00420336,"ARCHES NATIONAL PARK HQS, UT US",38.6163,-109.6191,1247.5,1983-01,0,0,6,1,,0,0,30,0,0,0,6,,0,0.18,55,,3061,1010,,,0.41,0,32.4,44.5,20.3,
USC00420336,"ARCHES NATIONAL PARK HQS, UT US",38.6163,-109.6191,1247.5,1983-02,0,0,5,1,0,0,0,21,0,0,0,20,0,0,0.62,65,,3672,610,,,0.7,0,41.4,53.7,29.1,
USC00420336,"ARCHES NATIONAL PARK HQS, UT US",38.6163,-109.6191,1247.5,1983-03,0,0,12,2,0,0,0,7,0,4,0,29,0,0,0.56,72,,4220,548,,,1.41,0,47.3,58.2,36.4,
USC00420336,"ARCHES NATIONAL PARK HQS, UT US",38.6163,-109.6191,1247.5,1983-04,2,2,7,2,0,0,0,9,0,10,0,22,0,0,0.18,82,6.33,4641,421,41,66,0.48,0,51,63.9,38.2,1212.3
USC00420336,"ARCHES NATIONAL PARK HQS, UT US",38.6163,-109.6191,1247.5,1983-05,76,73,6,4,0,0,0,0,0,20,6,34,0,0,0.4,96,9.11,4825,184,48,77,1.13,0,61.4,75.8,47,1383.8
USC00420336,"ARCHES NATIONAL PARK HQS, UT US",38.6163,-109.6191,1247.5,1983-06,,,7,2,0,0,0,0,,,,50,0,0,0.61,,10.37,,,56,85,0.96,0,,,58.5,1229.7
USC00420336,"ARCHES NATIONAL PARK HQS, UT US",38.6163,-109.6191,1247.5,1983-07,,527,7,5,0,0,0,0,0,31,28,58,0,0,0.5,107,12.33,0,0,63,90,1.54,0,82,95.2,68.8,1239
USC00420336,"ARCHES NATIONAL PARK HQS, UT US",38.6163,-109.6191,1247.5,1983-08,,529,8,4,0,0,0,0,0,31,30,62,0,0,0.84,103,10.86,0,0,64,92,1.4,0,82.1,95.8,68.4,878
USC00420336,"ARCHES NATIONAL PARK HQS, UT US",38.6163,-109.6191,1247.5,1983-09,,301,5,0,0,0,0,0,0,29,18,41,0,0,0.06,100,8.63,15,15,56,84,0.12,0,74.5,90.2,58.8,1030.9
USC00420336,"ARCHES NATIONAL PARK HQS, UT US",38.6163,-109.6191,1247.5,1983-10,,6,4,3,0,0,0,0,0,25,0,37,0,0,1,81,4.78,205,190,45,67,1.32,0,59.1,73,45.1,765.5
USC00420336,"ARCHES NATIONAL PARK HQS, UT US",38.6163,-109.6191,1247.5,1983-11,,0,7,4,0,0,0,14,0,6,0,21,0,0,0.6,74,,778,573,,,1.63,0,45,55.4,34.6,871.8
USC00420336,"ARCHES NATIONAL PARK HQS, UT US",38.6163,-109.6191,1247.5,1983-12,,0,,,,,0,30,2,0,0,15,,,,53,,1745,966,,,,,32.7,39.9,25.5,
USC00420336,"ARCHES NATIONAL PARK HQS, UT US",38.6163,-109.6191,1247.5,1984-01,0,0,1,1,13,0,4,31,10,0,0,-3,6,0,0.44,43,,3019,1275,,,0.44,0,23.9,34.5,13.2,
USC00420336,"ARCHES NATIONAL PARK HQS, UT US",38.6163,-109.6191,1247.5,1984-02,0,0,2,2,1,0,0,28,0,0,0,15,1,0,0.15,53,,3892,873,,,0.27,0,33.8,45.3,22.2,
USC00420336,"ARCHES NATIONAL PARK HQS, UT US",38.6163,-109.6191,1247.5,1984-03,0,0,6,3,,,0,11,0,1,0,20,,,0.36,70,,4473,580,,,1.13,,45.6,57.2,34.1,
USC00420336,"ARCHES NATIONAL PARK HQS, UT US",38.6163,-109.6191,1247.5,1984-04,10,10,10,6,0,0,0,1,0,8,0,32,0,0,0.91,85,,4855,382,,,2.24,0,52.2,64.1,40.3,1314.2
USC00420336,"ARCHES NATIONAL PARK HQS, UT US",38.6163,-109.6191,1247.5,1984-05,190,180,1,0,0,0,0,0,0,26,12,37,0,0,0.02,98,11.43,4921,66,59,83,0.02,0,69,84.4,53.6,1266.4
USC00420336,"ARCHES NATIONAL PARK HQS, UT US",38.6163,-109.6191,1247.5,1984-06,473,283,5,4,0,0,0,0,0,27,16,44,0,0,0.43,103,10.71,4951,30,63,85,1.24,0,73.4,87.8,59.1,1099.8
USC00420336,"ARCHES NATIONAL PARK HQS, UT US",38.6163,-109.6191,1247.5,1984-07,1028,555,13,5,0,0,0,0,0,31,28,61,0,0,0.74,104,11.81,0,0,70,92,1.69,0,82.9,97,68.8,1024.6
USC00420336,"ARCHES NATIONAL PARK HQS, UT US",38.6163,-109.6191,1247.5,1984-08,1505,477,8,2,0,0,0,0,0,31,24,61,0,0,0.37,100,10.21,0,0,71,91,0.84,0,80.4,93.4,67.4,848.8
USC00420336,"ARCHES NATIONAL PARK HQS, UT US",38.6163,-109.6191,1247.5,1984-09,1766,261,2,1,0,0,0,0,0,28,15,38,0,0,0.13,98,8.95,27,27,62,83,0.19,0,72.8,87.6,57.9,987.4
USC00420336,"ARCHES NATIONAL PARK HQS, UT US",38.6163,-109.6191,1247.5,1984-10,1776,10,9,7,,0,0,7,0,15,0,29,,0,0.58,84,,367,340,,,2.88,0,54,65.7,42.3,697.8
USC00420336,"ARCHES NATIONAL PARK HQS, UT US",38.6163,-109.6191,1247.5,1984-11,1776,0,3,2,,0,0,17,0,1,0,20,,0,0.16,70,,951,584,,,0.29,0,44.6,56.7,32.4,
USC00420336,"ARCHES NATIONAL PARK HQS, UT US",38.6163,-109.6191,1247.5,1984-12,1776,0,4,3,1,0,0,26,0,0,0,19,4,0.1,0.3,55,,1887,935,,,0.98,0.1,34.8,43.6,26.1,
USC00420336,"ARCHES NATIONAL PARK HQS, UT US",38.6163,-109.6191,1247.5,1985-01,0,0,2,1,0,,0,29,0,0,0,14,0,,0.25,49,,2917,1030,,,0.27,,31.8,40.9,22.6,
USC00420336,"ARCHES NATIONAL PARK HQS, UT US",38.6163,-109.6191,1247.5,1985-02,0,0,1,0,,0,0,25,6,0,0,1,,0,0.01,61,,3793,876,,,0.01,0,33.7,45.9,21.5,
USC00420336,"ARCHES NATIONAL PARK HQS, UT US",38.6163,-109.6191,1247.5,1985-03,0,0,7,3,,,0,10,0,2,0,21,,,0.25,74,,4323,530,,,0.72,,47.9,60,35.9,
USC00420336,"ARCHES NATIONAL PARK HQS, UT US",38.6163,-109.6191,1247.5,1985-04,18,18,8,4,0,0,0,0,0,17,0,33,0,0,0.81,86,7.38,4551,228,45,76,2.02,0,58,71.8,44.3,1063.2
USC00420336,"ARCHES NATIONAL PARK HQS, UT US",38.6163,-109.6191,1247.5,1985-05,169,150,9,2,0,0,0,0,0,28,1,40,0,0,0.2,90,9.97,4593,42,54,84,0.72,0,68.5,81.7,55.2,1153.3
USC00420336,"ARCHES NATIONAL PARK HQS, UT US",38.6163,-109.6191,1247.5,1985-06,562,393,4,3,0,0,0,0,0,30,22,47,0,0,0.19,104,12.12,4593,0,59,92,0.4,0,78.1,94.7,61.5,981.8
USC00420336,"ARCHES NATIONAL PARK HQS, UT US",38.6163,-109.6191,1247.5,1985-07,1156,594,8,3,0,0,0,0,0,31,27,59,0,0,0.27,109,13.5,0,0,64,97,0.82,0,84.1,99.1,69.2,1038.9
USC00420336,"ARCHES NATIONAL PARK HQS, UT US",38.6163,-109.6191,1247.5,1985-08,1703,547,0,0,0,0,0,0,0,31,30,58,0,0,0,105,10.52,0,0,61,93,0,0,82.7,98.3,67,1042
USC00420336,"ARCHES NATIONAL PARK HQS, UT US",38.6163,-109.6191,1247.5,1985-09,1857,154,9,5,0,0,0,0,0,28,4,35,0,0,0.61,103,7.61,60,60,53,80,1.48,0,68.1,81.3,55,1101.1
USC00420336,"ARCHES NATIONAL PARK HQS, UT US",38.6163,-109.6191,1247.5,1985-10,1859,2,6,4,0,0,0,0,0,23,0,36,0,0,0.7,82,,298,239,,,1.67,0,57.4,71.1,43.7,801.6
USC00420336,"ARCHES NATIONAL PARK HQS, UT US",38.6163,-109.6191,1247.5,1985-11,1859,0,8,4,,,0,11,0,0,0,19,,,0.33,69,,860,561,,,0.9,,45.1,55.2,34.9,
USC00420336,"ARCHES NATIONAL PARK HQS, UT US",38.6163,-109.6191,1247.5,1985-12,1859,0,3,1,0,0,0,27,0,0,0,18,0,0,0.1,54,,1797,937,,,0.22,0,34.8,45,24.5,
USC00420336,"ARCHES NATIONAL PARK HQS, UT US",38.6163,-109.6191,1247.5,1986-01,0,0,1,0,0,0,0,29,0,0,0,19,0,0,0.09,58,,2676,880,,,0.09,0,35.5,47.5,23.6,
USC00420336,"ARCHES NATIONAL PARK HQS, UT US",38.6163,-109.6191,1247.5,1986-02,0,0,2,0,0,0,0,12,0,3,0,14,0,0,0.08,74,,3226,549,,,0.11,0,45.4,57,33.7,
USC00420336,"ARCHES NATIONAL PARK HQS, UT US",38.6163,-109.6191,1247.5,1986-03,0,0,5,2,0,0,0,3,0,16,0,30,0,0,0.19,82,,3585,359,,,0.37,0,53.4,67,39.9,
USC00420336,"ARCHES NATIONAL PARK HQS, UT US",38.6163,-109.6191,1247.5,1986-04,12,11,6,3,0,0,0,1,0,18,0,32,0,0,0.88,83,6.69,3843,258,44,72,1.38,0,56.8,69.6,43.9,1275.1
USC00420336,"ARCHES NATIONAL PARK HQS, UT US",38.6163,-109.6191,1247.5,1986-05,114,102,7,5,0,0,0,0,0,26,3,40,0,0,0.51,95,9.94,3948,105,49,82,1.55,0,65.2,79.3,51,1224.7
USC00420336,"ARCHES NATIONAL PARK HQS, UT US",38.6163,-109.6191,1247.5,1986-06,552,439,1,1,0,0,0,0,0,30,24,54,0,0,0.16,104,12.59,3948,0,58,93,0.16,0,79.6,94.8,64.5,1049.5
USC00420336,"ARCHES NATIONAL PARK HQS, UT US",38.6163,-109.6191,1247.5,1986-07,1063,510,8,4,0,0,0,0,0,31,26,56,0,0,0.63,105,12,0,0,61,94,1.58,0,81.5,95.2,67.8,1110.4
USC00420336,"ARCHES NATIONAL PARK HQS, UT US",38.6163,-109.6191,1247.5,1986-08,1577,515,7,2,0,0,0,0,0,31,26,58,0,0,0.46,107,10.83,0,0,62,94,0.9,0,82,96.5,67.5,965
USC00420336,"ARCHES NATIONAL PARK HQS, UT US",38.6163,-109.6191,1247.5,1986-09,1750,173,8,2,0,0,0,0,0,24,5,41,0,0,0.28,97,7.07,68,68,52,80,0.67,0,68.7,80.6,56.9,1081.8
USC00420336,"ARCHES NATIONAL PARK HQS, UT US",38.6163,-109.6191,1247.5,1986-10,1750,0,7,4,0,0,0,2,0,16,0,29,0,0,0.66,79,,380,312,,,2.11,0,54.6,67.9,41.3,
USC00420336,"ARCHES NATIONAL PARK HQS, UT US",38.6163,-109.6191,1247.5,1986-11,1750,0,3,2,0,0,0,11,0,0,0,26,0,0,0.77,69,,952,572,,,0.92,0,45.3,56.2,34.4,
USC00420336,"ARCHES NATIONAL PARK HQS, UT US",38.6163,-109.6191,1247.5,1986-12,1750,0,2,2,0,0,0,29,1,0,0,17,0,0,0.3,56,,1871,919,,,0.6,0,34.5,45.3,23.7,
USC00420336,"ARCHES NATIONAL PARK HQS, UT US",38.6163,-109.6191,1247.5,1987-01,0,0,3,1,11,,0,30,6,0,0,7,1,,0.1,55,,2953,1082,,,0.26,,30.1,41.1,19.1,
USC00420336,"ARCHES NATIONAL PARK HQS, UT US",38.6163,-109.6191,1247.5,1987-02,0,0,7,1,,,0,21,0,0,0,21,,,0.11,58,,3657,704,,,0.4,,39.8,50,29.7,
USC00420336,"ARCHES NATIONAL PARK HQS, UT US",38.6163,-109.6191,1247.5,1987-03,0,0,7,3,1,1,0,12,0,1,0,21,4,3.6,0.35,70,,4272,614,,,0.92,3.6,44.6,56,33.1,
USC00420336,"ARCHES NATIONAL PARK HQS, UT US",38.6163,-109.6191,1247.5,1987-04,34,34,4,2,0,0,0,0,0,19,0,33,0,0,0.21,89,,4475,203,,,0.41,0,58.9,74.1,43.7,
USC00420336,"ARCHES NATIONAL PARK HQS, UT US",38.6163,-109.6191,1247.5,1987-05,141,108,6,2,0,0,0,0,0,28,3,44,0,0,0.15,99,8.62,4534,59,55,83,0.45,0,66.6,81,52.4,1139.6
USC00420336,"ARCHES NATIONAL PARK HQS, UT US",38.6163,-109.6191,1247.5,1987-06,496,355,0,0,0,0,0,0,0,30,24,47,0,0,0,102,12.54,4534,0,59,92,0,0,77.1,94.6,59.7,1016.6
USC00420336,"ARCHES NATIONAL PARK HQS, UT US",38.6163,-109.6191,1247.5,1987-07,926,430,9,6,0,0,0,0,0,31,25,50,0,0,0.83,106,12.54,0,0,63,92,2.39,0,78.9,96.2,61.5,1085.5
USC00420336,"ARCHES NATIONAL PARK HQS, UT US",38.6163,-109.6191,1247.5,1987-08,1295,369,8,3,0,0,0,0,0,31,25,49,0,0,0.48,103,9.63,0,0,63,92,1.47,0,76.9,93.9,59.9,840.7
USC00420336,"ARCHES NATIONAL PARK HQS, UT US",38.6163,-109.6191,1247.5,1987-09,1422,127,3,1,,0,0,0,0,30,11,39,,0,0.17,99,7.5,20,20,56,85,0.28,0,68.8,88,49.7,661.1
USC00420336,"ARCHES NATIONAL PARK HQS, UT US",38.6163,-109.6191,1247.5,1987-10,1426,4,6,3,0,0,0,2,0,22,1,31,0,0,0.51,90,4.32,244,224,48,70,1.46,0,57.8,76,39.6,494.6
USC00420336,"ARCHES NATIONAL PARK HQS, UT US",38.6163,-109.6191,1247.5,1987-11,1426,0,5,3,0,0,0,17,0,0,0,21,0,0,0.75,67,,911,667,,,1.71,0,42.8,54.3,31.2,
USC00420336,"ARCHES NATIONAL PARK HQS, UT US",38.6163,-109.6191,1247.5,1987-12,1426,0,6,4,10,0,0,30,5,0,0,10,4,0,0.32,58,,1974,1064,,,0.83,0,30.7,40.8,20.6,
USC00420336,"ARCHES NATIONAL PARK HQS, UT US",38.6163,-109.6191,1247.5,1988-01,0,0,5,3,31,0,1,30,16,0,0,0,6,0,0.31,42,,3267,1293,,,0.78,0,21.8,32.5,11.1,
USC00420336,"ARCHES NATIONAL PARK HQS, UT US",38.6163,-109.6191,1247.5,1988-02,0,0,1,1,20,0,0,29,1,0,0,6,5,0,0.28,56,,4229,962,,,0.28,0,31.8,44.2,19.4,
USC00420336,"ARCHES NATIONAL PARK HQS, UT US",38.6163,-109.6191,1247.5,1988-03,0,0,5,2,2,1,0,20,0,6,0,22,1,1.2,0.31,80,,4872,643,,,0.55,1.9,44.3,58,30.5,
USC00420336,"ARCHES NATIONAL PARK HQS, UT US",38.6163,-109.6191,1247.5,1988-04,6,6,6,3,0,0,0,3,0,14,0,32,0,0,0.19,84,6.52,5139,267,44,74,0.49,0,56.1,69.3,42.9,1140.2
USC00420336,"ARCHES NATIONAL PARK HQS, UT US",38.6163,-109.6191,1247.5,1988-05,122,116,4,3,0,0,0,0,0,26,9,36,0,0,1.3,93,10.51,5242,103,51,82,1.81,0,65.4,79.7,51.1,1366.4
USC00420336,"ARCHES NATIONAL PARK HQS, UT US",38.6163,-109.6191,1247.5,1988-06,552,430,0,0,0,0,0,0,0,30,25,45,0,0,0,106,12.52,5250,7,62,91,0,0,79.6,94.4,64.7,1145.2
USC00420336,"ARCHES NATIONAL PARK HQS, UT US",38.6163,-109.6191,1247.5,1988-07,1163,611,3,0,0,0,0,0,0,31,31,63,0,0,0.09,106,13.78,0,0,65,95,0.16,0,84.7,100.7,68.8,1095.5
USC00420336,"ARCHES NATIONAL PARK HQS, UT US",38.6163,-109.6191,1247.5,1988-08,1647,484,9,2,0,0,0,0,0,31,30,57,0,0,1.19,102,11.02,0,0,63,93,1.72,0,81.2,96,66.3,1136.5
USC00420336,"ARCHES NATIONAL PARK HQS, UT US",38.6163,-109.6191,1247.5,1988-09,1799,151,2,2,0,0,0,0,0,28,11,43,0,0,0.5,98,8.18,54,54,53,83,0.69,0,69,84.1,53.8,998.5
USC00420336,"ARCHES NATIONAL PARK HQS, UT US",38.6163,-109.6191,1247.5,1988-10,1820,21,2,0,0,0,0,0,0,31,0,38,0,0,0.07,89,5.13,156,101,49,75,0.08,0,62.3,79.9,44.7,582.2
USC00420336,"ARCHES NATIONAL PARK HQS, UT US",38.6163,-109.6191,1247.5,1988-11,1820,0,5,1,0,0,0,17,0,5,0,20,0,0.2,0.38,77,,770,614,,,0.51,0.2,44.5,57.2,31.9,
USC00420336,"ARCHES NATIONAL PARK HQS, UT US",38.6163,-109.6191,1247.5,1988-12,1820,0,5,2,,1,0,31,5,0,0,9,,2,0.15,50,,1804,1035,,,0.39,2,31.6,43.3,19.9,
USC00420336,"ARCHES NATIONAL PARK HQS, UT US",38.6163,-109.6191,1247.5,1989-01,0,0,4,3,27,4,2,31,13,0,0,-3,4,3,0.4,44,,3153,1349,,,0.74,8,21.5,34,9,
USC00420336,"ARCHES NATIONAL PARK HQS, UT US",38.6163,-109.6191,1247.5,1989-02,0,0,6,2,18,2,4,24,5,1,0,-8,6,6,0.43,72,,4070,916,,,0.67,10.6,32.3,43.8,20.7,
USC00420336,"ARCHES NATIONAL PARK HQS, UT US",38.6163,-109.6191,1247.5,1989-03,0,0,2,1,1,1,0,10,0,13,0,21,1,1.5,0.2,82,,4507,437,,,0.27,1.5,50.9,65.1,36.7,
USC00420336,"ARCHES NATIONAL PARK HQS, UT US",38.6163,-109.6191,1247.5,1989-04,66,66,1,0,0,0,0,0,0,20,3,36,0,0,0.06,92,8.19,4667,161,,,0.06,0,61.6,76.9,46.4,914
USC00420336,"ARCHES NATIONAL PARK HQS, UT US",38.6163,-109.6191,1247.5,1989-05,207,141,6,0,0,0,0,0,0,27,9,42,0,0,0.06,96,10.29,4725,57,51,83,0.15,0,67.7,82.5,53,1265.7
USC00420336,"ARCHES NATIONAL PARK HQS, UT US",38.6163,-109.6191,1247.5,1989-06,524,317,2,2,0,0,0,0,0,30,18,50,0,0,0.2,105,12.88,4726,1,57,90,0.3,0,75.6,90.9,60.3,1201.1
USC00420336,"ARCHES NATIONAL PARK HQS, UT US",38.6163,-109.6191,1247.5,1989-07,1133,608,6,2,0,0,0,0,0,31,30,59,0,0,0.16,111,14.97,0,0,64,98,0.45,0,84.6,101.2,68,1064.4
USC00420336,"ARCHES NATIONAL PARK HQS, UT US",38.6163,-109.6191,1247.5,1989-08,1583,450,6,3,0,0,0,0,0,31,25,56,0,0,0.53,104,12.04,0,0,61,92,1.22,0,79.5,94.1,64.9,1127.8
USC00420336,"ARCHES NATIONAL PARK HQS, UT US",38.6163,-109.6191,1247.5,1989-09,1833,250,3,1,0,0,0,0,0,30,15,44,0,0,0.13,96,9.23,13,13,55,84,0.18,0,73.1,88.6,57.6,976.2
USC00420336,"ARCHES NATIONAL PARK HQS, UT US",38.6163,-109.6191,1247.5,1989-10,1852,18,3,0,0,0,0,3,0,26,1,24,0,0,0.08,90,5.52,221,209,,,0.14,0,58.8,75.3,42.3,956.9
USC00420336,"ARCHES NATIONAL PARK HQS, UT US",38.6163,-109.6191,1247.5,1989-11,1852,0,1,0,0,0,0,20,0,1,0,16,0,0,0.01,71,,822,601,,,0.01,0,45,59.9,30.1,
USC00420336,"ARCHES NATIONAL PARK HQS, UT US",38.6163,-109.6191,1247.5,1989-12,1852,0,0,0,0,0,0,30,0,0,0,11,0,0,0,54,,1821,999,,,0,0,31.7,46.6,16.8,
USC00420336,"ARCHES NATIONAL PARK HQS, UT US",38.6163,-109.6191,1247.5,1990-01,0,0,5,4,17,0,0,30,1,0,0,2,4,0,0.5,56,,2880,1059,,,0.99,0,30.8,42.5,19.1,
USC00420336,"ARCHES NATIONAL PARK HQS, UT US",38.6163,-109.6191,1247.5,1990-02,0,0,5,1,3,0,0,22,0,0,0,12,2,0,0.24,66,,3581,700,,,0.37,0,40,52.2,27.7,
USC00420336,"ARCHES NATIONAL PARK HQS, UT US",38.6163,-109.6191,1247.5,1990-03,2,2,6,4,1,1,0,7,0,11,0,24,1,1.5,1.2,79,,3983,402,,,1.87,1.5,52.1,65,39.2,
USC00420336,"ARCHES NATIONAL PARK HQS, UT US",38.6163,-109.6191,1247.5,1990-04,31,29,3,0,0,0,0,0,0,24,0,37,0,0,0.06,88,7.83,4120,138,48,78,0.14,0,61.4,75.3,47.4,1152.6
USC00420336,"ARCHES NATIONAL PARK HQS, UT US",38.6163,-109.6191,1247.5,1990-05,130,98,2,1,0,0,0,0,0,28,5,41,0,0,0.24,92,11.15,4189,69,50,82,0.27,0,66.1,80.5,51.5,1435.4
USC00420336,"ARCHES NATIONAL PARK HQS, UT US",38.6163,-109.6191,1247.5,1990-06,555,425,3,1,0,0,0,0,0,30,24,42,0,0,0.17,109,13.39,4198,9,57,90,0.21,0,79.1,96.7,61.6,1305.5
USC00420336,"ARCHES NATIONAL PARK HQS, UT US",38.6163,-109.6191,1247.5,1990-07,1111,556,7,2,0,0,0,0,0,31,29,61,0,0,0.42,108,13.08,0,0,63,94,0.7,0,84.2,98.3,70.1,1171.3
USC00420336,"ARCHES NATIONAL PARK HQS, UT US",38.6163,-109.6191,1247.5,1990-08,1608,498,3,3,0,0,0,0,0,31,28,58,0,0,0.41,105,12.84,0,0,61,92,0.68,0,81,96.4,65.7,1138.4
USC00420336,"ARCHES NATIONAL PARK HQS, UT US",38.6163,-109.6191,1247.5,1990-10,,13,4,1,,0,0,2,0,23,0,31,,0,0.7,86,5.17,,255,46,70,0.77,0,57.1,73.1,41,764.9
USC00420336,"ARCHES NATIONAL PARK HQS, UT US",38.6163,-109.6191,1247.5,1990-11,,0,4,1,0,0,0,20,0,1,0,19,0,0,0.73,73,,,642,,,0.89,0,42.8,55.5,30.1,
USC00420336,"ARCHES NATIONAL PARK HQS, UT US",38.6163,-109.6191,1247.5,1990-12,,0,5,1,3,1,4,27,7,0,0,-4,4,5,0.61,52,,,1137,,,0.71,5,27.1,38.3,15.9,
USC00420336,"ARCHES NATIONAL PARK HQS, UT US",38.6163,-109.6191,1247.5,1991-01,,,4,1,27,3,7,28,,,,-1,10,4,0.19,,,,,,,0.27,6,,,9.9,
USC00420336,"ARCHES NATIONAL PARK HQS, UT US",38.6163,-109.6191,1247.5,1991-02,,0,2,0,15,0,0,25,1,0,0,2,6,0,0.05,64,,,834,,,0.07,0,34.2,48.4,20.1,
USC00420336,"ARCHES NATIONAL PARK HQS, UT US",38.6163,-109.6191,1247.5,1991-03,,0,10,3,0,0,0,10,0,0,0,24,0,0,0.78,69,,,563,,,1.37,0,46.1,57.4,34.9,
USC00420336,"ARCHES NATIONAL PARK HQS, UT US",38.6163,-109.6191,1247.5,1991-04,,6,5,1,0,0,0,10,0,13,0,28,0,0,0.24,80,,,365,,,0.31,0,52.7,66.7,38.7,1168.2
USC00420336,"ARCHES NATIONAL PARK HQS, UT US",38.6163,-109.6191,1247.5,1991-05,,88,1,1,0,0,0,0,0,27,2,36,0,0,0.11,90,10.97,,92,49,,0.11,0,64.9,80.2,49.6,1461.5
USC00420336,"ARCHES NATIONAL PARK HQS, UT US",38.6163,-109.6191,1247.5,1991-06,,301,1,0,0,0,0,0,0,29,20,47,0,0,0.01,98,12.54,,13,54,87,0.01,0,75.4,90.8,60,967.5
USC00420336,"ARCHES NATIONAL PARK HQS, UT US",38.6163,-109.6191,1247.5,1991-07,,482,11,5,0,0,0,0,0,30,29,58,0,0,0.67,108,10.93,0,0,59,89,1.71,0,81.5,97.5,65.5,805.9
USC00420336,"ARCHES NATIONAL PARK HQS, UT US",38.6163,-109.6191,1247.5,1991-08,,463,10,7,0,0,0,0,0,31,29,58,0,0,0.38,104,9.83,0,0,61,90,1.81,0,80,96.1,63.8,807.2
USC00420336,"ARCHES NATIONAL PARK HQS, UT US",38.6163,-109.6191,1247.5,1991-09,,198,7,4,0,0,0,0,0,29,11,45,0,0,0.23,100,7.34,4,3,53,86,0.74,0,72,88.7,55.4,608.9
USC00420336,"ARCHES NATIONAL PARK HQS, UT US",38.6163,-109.6191,1247.5,1991-10,,22,4,2,0,1,0,4,0,24,1,26,0,1,0.65,90,,200,196,,,1.04,1,59.4,76.5,42.3,
USC00420336,"ARCHES NATIONAL PARK HQS, UT US",38.6163,-109.6191,1247.5,1991-11,,0,4,3,0,0,0,19,0,0,0,21,0,0,0.7,67,,887,686,,,1.12,0,42.1,52.6,31.6,
USC00420336,"ARCHES NATIONAL PARK HQS, UT US",38.6163,-109.6191,1247.5,1991-12,,0,5,2,14,3,0,31,10,0,0,17,6,5.7,0.5,49,,1978,1091,,,0.88,10,29.8,36.9,22.7,
USC00420336,"ARCHES NATIONAL PARK HQS, UT US",38.6163,-109.6191,1247.5,1992-01,0,0,2,1,31,1,0,31,12,0,0,5,6,4,0.3,42,,3258,1280,,,0.34,4.5,23.7,33.6,13.8,
USC00420336,"ARCHES NATIONAL PARK HQS, UT US",38.6163,-109.6191,1247.5,1992-02,0,0,4,1,4,0,0,23,0,0,0,12,1,0,0.46,65,,4033,775,,,0.57,0,38.3,49.7,26.8,
USC00420336,"ARCHES NATIONAL PARK HQS, UT US",38.6163,-109.6191,1247.5,1992-03,0,0,9,5,0,0,0,3,0,5,0,30,0,0,0.56,73,,4450,417,,,1.24,0,51.1,63.8,38.4,
USC00420336,"ARCHES NATIONAL PARK HQS, UT US",38.6163,-109.6191,1247.5,1992-04,43,43,3,2,0,0,0,0,0,25,2,38,0,0,0.17,93,,4561,111,51,80,0.34,0,62.5,76.9,48.1,
USC00420336,"ARCHES NATIONAL PARK HQS, UT US",38.6163,-109.6191,1247.5,1992-05,190,147,9,4,0,0,0,0,0,31,6,42,0,0,0.33,93,9.11,4579,17,57,88,1.04,0,69.2,84,54.4,769.3
USC00420336,"ARCHES NATIONAL PARK HQS, UT US",38.6163,-109.6191,1247.5,1992-06,491,300,3,0,0,0,0,0,0,30,19,51,0,0,0.05,101,11.69,4579,0,59,93,0.09,0,75.4,91.6,59.2,854.4
USC00420336,"ARCHES NATIONAL PARK HQS, UT US",38.6163,-109.6191,1247.5,1992-07,965,475,5,4,0,0,0,0,0,31,25,55,0,0,0.42,103,11.25,0,0,63,94,0.97,0,80.3,95.2,65.5,958.2
USC00420336,"ARCHES NATIONAL PARK HQS, UT US",38.6163,-109.6191,1247.5,1992-08,1473,508,6,2,0,0,0,0,0,31,24,49,0,0,0.15,105,10.69,1,1,64,94,0.36,0,81.3,96.3,66.4,915.3
USC00420336,"ARCHES NATIONAL PARK HQS, UT US",38.6163,-109.6191,1247.5,1992-09,1682,209,1,1,0,0,0,0,0,30,14,43,0,0,0.34,95,8.4,8,7,57,85,0.34,0,71.7,87.6,55.8,827.7
USC00420336,"ARCHES NATIONAL PARK HQS, UT US",38.6163,-109.6191,1247.5,1992-10,1706,24,3,3,0,0,0,0,0,25,3,35,0,0,0.53,92,5.07,132,123,49,73,0.89,0,61.7,78.2,45.2,682.3
USC00420336,"ARCHES NATIONAL PARK HQS, UT US",38.6163,-109.6191,1247.5,1992-11,1706,0,5,2,1,0,0,21,0,0,0,17,1,0,0.39,62,,838,707,,,0.75,0,40,50.7,29.4,
USC00420336,"ARCHES NATIONAL PARK HQS, UT US",38.6163,-109.6191,1247.5,1992-12,1706,0,7,4,8,4,0,30,2,0,0,7,5,5,0.34,52,,1913,1075,,,0.89,11.9,29.1,39.3,18.9,
USC00420336,"ARCHES NATIONAL PARK HQS, UT US",38.6163,-109.6191,1247.5,1993-01,0,0,9,8,5,3,0,23,3,0,0,16,5,3,0.73,55,,2718,805,,,2.47,7.8,35.1,43,27.3,
USC00420336,"ARCHES NATIONAL PARK HQS, UT US",38.6163,-109.6191,1247.5,1993-02,0,0,10,6,1,0,0,22,0,0,0,24,1,0,0.52,60,,3420,702,,,1.67,0,39,48.3,29.7,
USC00420336,"ARCHES NATIONAL PARK HQS, UT US",38.6163,-109.6191,1247.5,1993-03,0,0,5,2,0,0,0,11,0,11,0,23,0,0,0.39,80,,3874,454,,,0.75,0,50.4,64.1,36.6,
USC00420336,"ARCHES NATIONAL PARK HQS, UT US",38.6163,-109.6191,1247.5,1993-04,0,0,2,2,0,0,0,1,0,16,0,25,0,0,0.34,83,,4171,297,,,0.45,0,55.1,69.5,40.7,
USC00420336,"ARCHES NATIONAL PARK HQS, UT US",38.6163,-109.6191,1247.5,1993-05,130,130,12,5,0,0,0,0,0,26,3,38,0,0,0.96,93,7.94,4264,93,56,85,2.3,0,66.4,80.9,51.8,679.2
USC00420336,"ARCHES NATIONAL PARK HQS, UT US",38.6163,-109.6191,1247.5,1993-06,414,284,2,0,0,0,0,0,0,30,16,50,0,0,0.04,103,12.28,4272,8,58,89,0.05,0,74.2,89.6,58.8,1022.2
USC00420336,"ARCHES NATIONAL PARK HQS, UT US",38.6163,-109.6191,1247.5,1993-07,882,468,2,0,0,0,0,0,0,31,27,52,0,0,0.05,104,13.63,0,0,61,93,0.1,0,80.1,96.4,63.8,942.6
USC00420336,"ARCHES NATIONAL PARK HQS, UT US",38.6163,-109.6191,1247.5,1993-08,1328,446,8,5,0,0,0,0,0,31,25,57,0,0,0.72,108,10.88,0,0,64,92,1.36,0,79.4,94.2,64.6,771.7
USC00420336,"ARCHES NATIONAL PARK HQS, UT US",38.6163,-109.6191,1247.5,1993-09,1500,172,3,1,0,0,0,0,0,30,13,44,0,0,0.21,97,9.12,12,11,56,86,0.27,0,70.4,88.2,52.8,749.4
USC00420336,"ARCHES NATIONAL PARK HQS, UT US",38.6163,-109.6191,1247.5,1993-10,1528,27,7,6,0,0,0,4,0,13,4,23,0,0,1.11,92,3.93,329,317,49,69,2.97,0,55.7,69.5,41.8,489
USC00420336,"ARCHES NATIONAL PARK HQS, UT US",38.6163,-109.6191,1247.5,1993-11,1528,0,4,1,0,0,0,19,1,0,0,15,0,0,0.32,64,,1003,673,,,0.4,0,39,51.1,26.9,
USC00420336,"ARCHES NATIONAL PARK HQS, UT US",38.6163,-109.6191,1247.5,1993-12,1528,0,1,1,1,2,0,28,0,0,0,12,2,1.5,0.1,55,,1858,855,,,0.1,3,33.3,44.4,22.2,
USC00420336,"ARCHES NATIONAL PARK HQS, UT US",38.6163,-109.6191,1247.5,1994-01,0,0,2,1,1,1,0,29,0,0,0,16,1,1,0.4,55,,2767,909,,,0.44,1,33.7,46.8,20.7,
USC00420336,"ARCHES NATIONAL PARK HQS, UT US",38.6163,-109.6191,1247.5,1994-02,0,0,4,3,3,1,0,24,0,0,0,12,2,1.5,0.25,68,,3540,773,,,0.7,2,37.4,48.8,26,
USC00420336,"ARCHES NATIONAL PARK HQS, UT US",38.6163,-109.6191,1247.5,1994-03,0,0,1,0,0,0,0,8,0,12,0,26,0,0,0.02,77,,3932,392,,,0.02,0,51.2,67,35.4,
USC00420336,"ARCHES NATIONAL PARK HQS, UT US",38.6163,-109.6191,1247.5,1994-04,35,35,12,7,0,0,0,0,0,16,0,35,0,0,0.41,89,,4199,267,,65,1.61,0,57.3,71.3,43.3,667.4
USC00420336,"ARCHES NATIONAL PARK HQS, UT US",38.6163,-109.6191,1247.5,1994-05,139,103,3,1,0,0,0,0,0,30,6,38,0,0,0.14,99,9.49,4246,48,36,72,0.2,0,66.8,83.6,50,689.1
USC00420336,"ARCHES NATIONAL PARK HQS, UT US",38.6163,-109.6191,1247.5,1994-06,614,475,2,1,0,0,0,0,0,30,28,51,0,0,0.2,110,13.71,4246,0,,83,0.21,0,80.9,98.1,63.6,751.2
USC00420336,"ARCHES NATIONAL PARK HQS, UT US",38.6163,-109.6191,1247.5,1994-07,1194,580,1,0,0,0,0,0,0,31,31,59,0,0,0.02,107,14.5,0,0,,93,0.02,0,84.4,102.5,66.3,595.3
USC00420336,"ARCHES NATIONAL PARK HQS, UT US",38.6163,-109.6191,1247.5,1994-08,1803,609,4,1,0,0,0,0,0,31,30,63,0,0,0.1,107,11.74,0,0,66,95,0.2,0,84.6,99.8,69.5,502.7
USC00420336,"ARCHES NATIONAL PARK HQS, UT US",38.6163,-109.6191,1247.5,1994-09,2035,231,4,2,0,0,0,0,0,30,17,45,0,0,0.44,98,8.41,3,3,58,86,0.65,0,72.6,89.9,55.4,479.7
USC00420336,"ARCHES NATIONAL PARK HQS, UT US",38.6163,-109.6191,1247.5,1994-10,2045,10,7,4,0,0,0,1,0,23,0,30,0,0,0.72,83,4.49,265,262,48,69,1.34,0,56.9,71.2,42.6,410.1
USC00420336,"ARCHES NATIONAL PARK HQS, UT US",38.6163,-109.6191,1247.5,1994-11,2045,0,6,3,,,0,20,0,3,0,15,,,0.66,70,,951,686,,,0.98,,41.1,53.6,28.5,
USC00420336,"ARCHES NATIONAL PARK HQS, UT US",38.6163,-109.6191,1247.5,1994-12,2045,0,7,1,,,0,21,0,0,0,17,,,0.11,54,,1845,894,,,0.3,,35.1,44.7,25.4,
USC00420336,"ARCHES NATIONAL PARK HQS, UT US",38.6163,-109.6191,1247.5,1995-01,0,0,5,2,1,1,0,27,0,0,0,16,3,2.5,0.2,58,,2745,900,,,0.49,2.5,36,46.8,25.2,
USC00420336,"ARCHES NATIONAL PARK HQS, UT US",38.6163,-109.6191,1247.5,1995-02,0,0,3,2,0,0,0,18,0,3,0,24,0,0,0.32,73,,3266,521,,,0.46,0,46.4,61.3,31.4,
USC00420336,"ARCHES NATIONAL PARK HQS, UT US",38.6163,-109.6191,1247.5,1995-03,0,0,8,5,0,0,0,7,0,9,0,26,0,0,0.55,77,,3723,457,,,1.56,0,50.3,62.8,37.7,
USC00420336,"ARCHES NATIONAL PARK HQS, UT US",38.6163,-109.6191,1247.5,1995-04,0,0,7,2,0,0,0,1,0,15,0,32,0,0,0.14,80,,4039,315,,,0.48,0,53.9,68.5,39.4,
USC00420336,"ARCHES NATIONAL PARK HQS, UT US",38.6163,-109.6191,1247.5,1995-05,29,29,12,8,0,0,0,0,0,25,0,40,0,0,0.74,88,7.5,4202,163,52,78,2.47,0,60.7,73.8,47.6,582.2
USC00420336,"ARCHES NATIONAL PARK HQS, UT US",38.6163,-109.6191,1247.5,1995-06,249,220,3,3,0,0,0,0,0,29,15,43,0,0,0.64,100,10.69,4222,19,57,88,1.6,0,71.7,87,56.4,623.2
USC00420336,"ARCHES NATIONAL PARK HQS, UT US",38.6163,-109.6191,1247.5,1995-07,696,447,4,2,0,0,0,0,0,31,26,52,0,0,0.48,108,11.55,1,1,62,94,0.67,0,79.4,96.6,62.1,417.6
USC00420336,"ARCHES NATIONAL PARK HQS, UT US",38.6163,-109.6191,1247.5,1995-08,1213,517,5,3,0,0,0,0,0,31,30,58,0,0,0.36,106,11.52,1,0,65,95,0.77,0,82.2,98.9,65.4,461.1
USC00420336,"ARCHES NATIONAL PARK HQS, UT US",38.6163,-109.6191,1247.5,1995-09,1465,251,3,1,0,0,0,0,0,29,17,39,0,0,0.3,105,8.68,42,41,55,87,0.42,0,72,89.7,54.3,523.8
USC00420336,"ARCHES NATIONAL PARK HQS, UT US",38.6163,-109.6191,1247.5,1995-10,1467,2,0,0,0,0,0,4,0,24,0,28,0,0,0,87,4.86,318,276,,,0,0,56.2,74,38.3,
USC00420336,"ARCHES NATIONAL PARK HQS, UT US",38.6163,-109.6191,1247.5,1995-11,1467,0,1,0,0,0,0,19,0,5,0,23,0,0,0.02,77,,828,510,,,0.02,0,47.4,63.6,31.2,
USC00420336,"ARCHES NATIONAL PARK HQS, UT US",38.6163,-109.6191,1247.5,1995-12,1467,0,2,1,0,0,0,22,0,0,0,9,0,0,0.19,69,,1529,701,,,0.23,0,38.9,52.7,25.1,
USC00420336,"ARCHES NATIONAL PARK HQS, UT US",38.6163,-109.6191,1247.5,1996-01,0,0,3,1,1,0,0,28,0,0,0,13,1,0.5,0.24,58,,2447,918,,,0.36,0.5,34.4,48.2,20.6,
USC00420336,"ARCHES NATIONAL PARK HQS, UT US",38.6163,-109.6191,1247.5,1996-02,0,0,4,1,0,0,0,21,0,0,0,16,0,0.1,0.54,69,,3094,647,,,0.58,0.1,42.7,56.4,28.9,
USC00420336,"ARCHES NATIONAL PARK HQS, UT US",38.6163,-109.6191,1247.5,1996-03,0,0,1,1,0,0,0,12,0,5,0,22,0,0,0.61,76,,3569,475,,,0.61,0,49.2,63.3,35,
USC00420336,"ARCHES NATIONAL PARK HQS, UT US",38.6163,-109.6191,1247.5,1996-04,12,12,6,2,0,0,0,1,0,16,1,32,0,0,0.2,90,,3854,285,,,0.54,0,55.9,71.8,40,
USC00420336,"ARCHES NATIONAL PARK HQS, UT US",38.6163,-109.6191,1247.5,1996-05,184,172,3,2,0,0,0,0,0,30,11,43,0,0,0.38,98,,3888,33,,,0.75,0,69.7,85.6,53.7,
USC00420336,"ARCHES NATIONAL PARK HQS, UT US",38.6163,-109.6191,1247.5,1996-06,562,378,4,0,0,0,0,0,0,30,23,54,0,0,0.05,104,11.78,3888,0,56,69,0.14,0,78,93.9,62.1,1117.8
USC00420336,"ARCHES NATIONAL PARK HQS, UT US",38.6163,-109.6191,1247.5,1996-07,1135,573,3,1,0,0,0,0,0,31,31,53,0,0,0.17,105,12.98,0,0,59,,0.23,0,84.2,100.2,68.1,892.3
USC00420336,"ARCHES NATIONAL PARK HQS, UT US",38.6163,-109.6191,1247.5,1996-08,1672,537,4,0,0,0,0,0,0,30,29,59,0,0,0.07,109,,0,0,60,,0.15,0,82.8,99,66.6,784.2
USC00420336,"ARCHES NATIONAL PARK HQS, UT US",38.6163,-109.6191,1247.5,1996-09,1845,173,10,5,0,0,0,0,0,25,9,40,0,0,0.35,102,7.31,76,76,,,1.42,0,68.3,83.8,52.7,754.3
USC00420336,"ARCHES NATIONAL PARK HQS, UT US",38.6163,-109.6191,1247.5,1996-10,1871,26,9,4,0,0,0,6,0,18,1,20,0,0,0.7,90,,357,282,,,2.08,0,55.8,70.8,40.7,668.6
USC00420336,"ARCHES NATIONAL PARK HQS, UT US",38.6163,-109.6191,1247.5,1996-11,1871,0,10,3,2,0,0,16,0,0,0,21,1,0,0.53,64,,966,608,,,1.19,0,44.1,56.9,31.3,
USC00420336,"ARCHES NATIONAL PARK HQS, UT US",38.6163,-109.6191,1247.5,1996-12,1871,0,2,1,0,0,0,25,2,0,0,10,0,0,0.1,62,,1820,854,,,0.11,0,35.5,46.7,24.2,
USC00420336,"ARCHES NATIONAL PARK HQS, UT US",38.6163,-109.6191,1247.5,1997-01,0,0,4,2,0,0,0,27,1,0,0,10,0,0,0.71,61,,2693,873,,,1.09,0,33.7,45.2,22.3,
USC00420336,"ARCHES NATIONAL PARK HQS, UT US",38.6163,-109.6191,1247.5,1997-02,0,0,4,1,0,0,0,27,0,0,0,19,0,0.3,0.3,59,,3444,750,,,0.36,0.3,37.2,49.7,24.7,
USC00420336,"ARCHES NATIONAL PARK HQS, UT US",38.6163,-109.6191,1247.5,1997-03,0,0,4,2,1,1,0,14,0,16,0,20,2,2,0.2,80,,3904,460,,,0.36,2,49.4,65.7,33.1,
USC00420336,"ARCHES NATIONAL PARK HQS, UT US",38.6163,-109.6191,1247.5,1997-04,0,0,10,3,0,0,0,8,0,14,0,25,0,0,0.49,84,,4285,381,,,1.1,0,51.9,66.4,37.4,
USC00420336,"ARCHES NATIONAL PARK HQS, UT US",38.6163,-109.6191,1247.5,1997-05,134,134,5,2,0,0,0,0,0,28,8,33,0,0,0.24,96,,4371,86,,,0.59,0,66.6,83.4,49.9,
USC00420336,"ARCHES NATIONAL PARK HQS, UT US",38.6163,-109.6191,1247.5,1997-06,456,322,4,2,0,0,0,0,0,30,21,46,0,0,0.32,102,,4371,0,,,0.48,0,76.9,93.2,60.6,
USC00420336,"ARCHES NATIONAL PARK HQS, UT US",38.6163,-109.6191,1247.5,1997-07,880,423,4,2,0,0,0,0,0,31,29,51,0,0,0.54,107,,0,0,,,1.06,0,80.7,96.7,64.6,
USC00420336,"ARCHES NATIONAL PARK HQS, UT US",38.6163,-109.6191,1247.5,1997-08,1265,385,11,4,0,0,0,0,0,30,25,57,0,0,0.32,103,,0,0,,,1.21,0,79.4,94.5,64.3,
USC00420336,"ARCHES NATIONAL PARK HQS, UT US",38.6163,-109.6191,1247.5,1997-09,1452,186,14,9,0,0,0,0,0,29,11,46,0,0,0.58,96,,10,10,,,2.15,0,70.9,84.8,57,
USC00420336,"ARCHES NATIONAL PARK HQS, UT US",38.6163,-109.6191,1247.5,1997-10,1481,29,4,2,0,0,0,7,0,20,1,27,0,0,0.41,90,,306,296,,,0.83,0,56,72.4,39.7,
USC00420336,"ARCHES NATIONAL PARK HQS, UT US",38.6163,-109.6191,1247.5,1997-11,1481,0,5,2,0,0,0,19,0,0,0,20,0,0,0.18,69,,910,603,,,0.37,0,42.7,56.3,29,
USC00420336,"ARCHES NATIONAL PARK HQS, UT US",38.6163,-109.6191,1247.5,1997-12,1481,0,2,1,1,1,0,27,0,0,0,12,2,3,0.31,51,,1857,947,,,0.33,3,32.3,42.1,22.6,
USC00420336,"ARCHES NATIONAL PARK HQS, UT US",38.6163,-109.6191,1247.5,1998-01,0,0,3,0,0,0,0,24,0,0,0,20,0,0,0.06,57,,2606,748,,,0.13,0,37.4,48.9,25.9,
USC00420336,"ARCHES NATIONAL PARK HQS, UT US",38.6163,-109.6191,1247.5,1998-02,0,0,7,3,0,0,0,21,0,0,0,22,0,0,0.38,65,,3262,656,,,0.74,0,39.5,49.9,29.2,
USC00420336,"ARCHES NATIONAL PARK HQS, UT US",38.6163,-109.6191,1247.5,1998-03,5,5,7,4,0,0,0,17,0,9,0,22,0,0,0.25,84,,3803,541,,,0.71,0,47.4,62.2,32.5,
USC00420336,"ARCHES NATIONAL PARK HQS, UT US",38.6163,-109.6191,1247.5,1998-04,5,0,6,4,0,0,0,4,0,11,0,27,0,0,0.8,87,,4177,374,,,1.53,0,52,66.8,37.2,
USC00420336,"ARCHES NATIONAL PARK HQS, UT US",38.6163,-109.6191,1247.5,1998-05,74,69,1,1,0,0,0,0,0,30,5,38,0,0,0.4,92,,4258,81,,,0.4,0,64.9,81.8,48.1,
USC00420336,"ARCHES NATIONAL PARK HQS, UT US",38.6163,-109.6191,1247.5,1998-06,278,204,2,1,0,0,0,0,0,30,15,46,0,0,0.4,107,,4273,15,,,0.43,0,71.8,89.1,54.6,
USC00420336,"ARCHES NATIONAL PARK HQS, UT US",38.6163,-109.6191,1247.5,1998-07,893,615,9,2,0,0,0,0,0,31,31,59,0,0,0.26,112,,0,0,,,0.72,0,85.6,101.8,69.4,
USC00420336,"ARCHES NATIONAL PARK HQS, UT US",38.6163,-109.6191,1247.5,1998-08,1440,547,4,1,0,0,0,0,0,31,30,61,0,0,0.11,105,,0,0,,,0.24,0,83.9,99.4,68.3,
USC00420336,"ARCHES NATIONAL PARK HQS, UT US",38.6163,-109.6191,1247.5,1998-09,1706,265,4,2,0,0,0,0,0,30,17,48,0,0,0.92,100,,0,0,,,1.2,0,74.2,89.3,59.1,
USC00420336,"ARCHES NATIONAL PARK HQS, UT US",38.6163,-109.6191,1247.5,1998-10,1715,9,10,5,0,0,0,0,0,16,0,36,0,0,0.87,88,,250,250,,,2.93,0,57.2,71.4,43.1,
USC00420336,"ARCHES NATIONAL PARK HQS, UT US",38.6163,-109.6191,1247.5,1998-11,1715,0,4,2,1,0,0,18,0,0,0,21,2,0,0.11,69,,864,615,,,0.28,0,44.5,57.5,31.6,
USC00420336,"ARCHES NATIONAL PARK HQS, UT US",38.6163,-109.6191,1247.5,1998-12,1715,0,2,1,,1,0,29,3,0,0,5,,1.5,0.15,62,,1829,964,,,0.18,2,31.7,43.8,19.7,
USC00420336,"ARCHES NATIONAL PARK HQS, UT US",38.6163,-109.6191,1247.5,1999-01,0,0,2,1,0,0,0,28,0,0,0,18,0,0,0.5,63,,2655,826,,,0.54,0,37.6,50.6,24.6,
USC00420336,"ARCHES NATIONAL PARK HQS, UT US",38.6163,-109.6191,1247.5,1999-02,0,0,4,1,0,0,0,22,0,0,0,20,0,0,0.13,69,,3292,636,,,0.18,0,42.3,56,28.5,
USC00420336,"ARCHES NATIONAL PARK HQS, UT US",38.6163,-109.6191,1247.5,1999-03,0,0,1,1,0,0,0,7,0,17,0,29,0,0,0.14,77,,3667,375,,,0.14,0,52.9,69.5,36.4,
USC00420336,"ARCHES NATIONAL PARK HQS, UT US",38.6163,-109.6191,1247.5,1999-04,2,2,12,8,0,0,0,8,0,10,0,28,0,0,0.48,85,,4062,395,,,2.05,0,51.9,64.9,38.8,
USC00420336,"ARCHES NATIONAL PARK HQS, UT US",38.6163,-109.6191,1247.5,1999-05,73,72,2,1,0,0,0,0,0,23,4,38,0,0,0.15,95,,4198,136,,,0.2,0,63,78.8,47.2,
USC00420336,"ARCHES NATIONAL PARK HQS, UT US",38.6163,-109.6191,1247.5,1999-06,378,305,7,5,0,0,0,0,0,29,17,43,0,0,0.47,102,,4215,16,,,1.48,0,74.6,90.8,58.4,
USC00420336,"ARCHES NATIONAL PARK HQS, UT US",38.6163,-109.6191,1247.5,1999-07,917,539,4,3,0,0,0,0,0,31,28,62,0,0,0.79,105,,0,0,,,1.47,0,83,97.5,68.5,
USC00420336,"ARCHES NATIONAL PARK HQS, UT US",38.6163,-109.6191,1247.5,1999-08,1358,441,9,5,0,0,0,0,0,31,25,58,0,0,0.52,100,,0,0,,,1.76,0,79.2,93.1,65.4,
USC00420336,"ARCHES NATIONAL PARK HQS, UT US",38.6163,-109.6191,1247.5,1999-09,1520,161,4,2,0,0,0,0,0,29,9,36,0,0,0.53,95,,29,29,,,0.71,0,69.6,85.2,54.1,
USC00420336,"ARCHES NATIONAL PARK HQS, UT US",38.6163,-109.6191,1247.5,1999-10,1533,13,0,0,0,0,0,2,0,25,1,30,0,0,0,90,,242,212,,,0,0,58.6,77.9,39.2,
USC00420336,"ARCHES NATIONAL PARK HQS, UT US",38.6163,-109.6191,1247.5,1999-11,1533,0,0,0,0,0,0,24,0,12,0,15,0,0,0,78,,811,569,,,0,0,45.1,62.8,27.4,
USC00420336,"ARCHES NATIONAL PARK HQS, UT US",38.6163,-109.6191,1247.5,1999-12,1533,0,3,2,0,0,0,29,0,0,0,15,0,0.3,0.37,64,,1720,908,,,0.64,0.3,33.7,46.3,21.1,
USC00420336,"ARCHES NATIONAL PARK HQS, UT US",38.6163,-109.6191,1247.5,2000-01,0,0,7,4,1,1,0,17,0,0,0,11,1,1,0.23,61,,2516,796,,,0.8,1,38.3,49,27.6,
USC00420336,"ARCHES NATIONAL PARK HQS, UT US",38.6163,-109.6191,1247.5,2000-02,0,0,5,1,0,0,0,17,0,0,0,23,0,0,0.18,64,,3122,606,,,0.3,0,43.2,55.1,31.4,
USC00420336,"ARCHES NATIONAL PARK HQS, UT US",38.6163,-109.6191,1247.5,2000-03,0,0,9,4,1,2,0,12,0,5,0,23,1,4,0.41,73,,3684,562,,,1.09,5.3,46.3,59.4,33.2,
USC00420336,"ARCHES NATIONAL PARK HQS, UT US",38.6163,-109.6191,1247.5,2000-04,21,21,3,0,0,0,0,4,0,23,1,28,0,0,0.05,90,,3872,188,,,0.09,0,59,74.2,43.7,
USC00420336,"ARCHES NATIONAL PARK HQS, UT US",38.6163,-109.6191,1247.5,2000-05,178,156,3,1,0,0,0,0,0,27,11,39,0,0,0.25,101,,3939,67,,,0.34,0,67.9,84.1,51.6,
USC00420336,"ARCHES NATIONAL PARK HQS, UT US",38.6163,-109.6191,1247.5,2000-06,541,363,3,1,0,0,0,0,0,30,25,47,0,0,0.21,101,,3939,0,,,0.27,0,77.6,94,61.3,
USC00420336,"ARCHES NATIONAL PARK HQS, UT US",38.6163,-109.6191,1247.5,2000-07,1146,605,2,0,0,0,0,0,0,31,31,61,0,0,0.06,108,,0,0,,,0.1,0,84.5,101,68.1,
USC00420336,"ARCHES NATIONAL PARK HQS, UT US",38.6163,-109.6191,1247.5,2000-08,1732,586,7,3,0,0,0,0,0,29,28,65,0,0,0.37,106,,0,0,,,0.85,0,85.1,100.1,70.2,
USC00420336,"ARCHES NATIONAL PARK HQS, UT US",38.6163,-109.6191,1247.5,2000-09,2010,278,3,1,0,0,0,0,0,29,18,39,0,0,0.18,103,,31,31,,,0.25,0,73.2,89.8,56.6,
USC00420336,"ARCHES NATIONAL PARK HQS, UT US",38.6163,-109.6191,1247.5,2000-10,2052,42,10,5,0,0,0,1,0,19,3,31,0,0,0.35,93,,238,207,,,1.26,0,59.7,73.9,45.4,
USC00420336,"ARCHES NATIONAL PARK HQS, UT US",38.6163,-109.6191,1247.5,2000-11,2052,0,3,2,1,1,0,24,0,0,0,18,2,1.5,0.1,60,,1013,774,,,0.21,1.5,38.2,49.3,27.2,
USC00420336,"ARCHES NATIONAL PARK HQS, UT US",38.6163,-109.6191,1247.5,2000-12,2052,0,3,3,2,2,0,30,0,0,0,18,2,2,0.3,57,,1911,898,,,0.6,3,34.9,46.9,22.9,
USC00420336,"ARCHES NATIONAL PARK HQS, UT US",38.6163,-109.6191,1247.5,2001-01,0,0,5,3,,2,0,30,0,0,0,14,,1,0.35,55,,2916,1005,,,0.89,2.7,32.6,44.5,20.6,
USC00420336,"ARCHES NATIONAL PARK HQS, UT US",38.6163,-109.6191,1247.5,2001-02,0,0,6,3,0,0,0,21,0,0,0,16,0,0,0.45,65,,3620,704,,,0.76,0,39.9,51.3,28.4,
USC00420336,"ARCHES NATIONAL PARK HQS, UT US",38.6163,-109.6191,1247.5,2001-03,0,0,10,3,0,0,0,7,0,6,0,27,0,0,0.28,77,,4096,476,,,0.77,0,49.4,62.5,36.2,
USC00420336,"ARCHES NATIONAL PARK HQS, UT US",38.6163,-109.6191,1247.5,2001-04,26,26,6,2,0,0,0,1,0,18,0,31,0,0,0.28,89,,4345,249,,,0.51,0,57.3,72.3,42.3,
USC00420336,"ARCHES NATIONAL PARK HQS, UT US",38.6163,-109.6191,1247.5,2001-05,192,166,4,2,0,0,0,0,0,26,15,40,0,0,0.48,99,,4412,67,,,0.81,0,68.6,85.4,51.8,
USC00420336,"ARCHES NATIONAL PARK HQS, UT US",38.6163,-109.6191,1247.5,2001-06,598,406,2,1,0,0,0,0,0,30,26,46,0,0,0.22,106,,4422,10,,,0.23,0,78.8,96.3,61.4,
USC00420336,"ARCHES NATIONAL PARK HQS, UT US",38.6163,-109.6191,1247.5,2001-07,1169,571,6,4,0,0,0,0,0,30,28,61,0,0,1.25,109,,0,0,,,2.05,0,84,99.4,68.6,
USC00420336,"ARCHES NATIONAL PARK HQS, UT US",38.6163,-109.6191,1247.5,2001-08,1661,491,7,3,0,0,0,0,0,31,26,60,0,0,0.42,104,,0,0,,,1.33,0,80.9,96.4,65.3,
USC00420336,"ARCHES NATIONAL PARK HQS, UT US",38.6163,-109.6191,1247.5,2001-09,1943,283,2,0,0,0,0,0,0,30,25,45,0,0,0.06,100,8.35,5,5,54,85,0.07,0,74.6,93.7,55.5,582.2
USC00420336,"ARCHES NATIONAL PARK HQS, UT US",38.6163,-109.6191,1247.5,2001-10,1987,44,2,2,0,0,0,3,0,25,3,31,0,0,0.2,92,,183,178,,,0.3,0,60.5,77.3,43.8,
USC00420336,"ARCHES NATIONAL PARK HQS, UT US",38.6163,-109.6191,1247.5,2001-11,1987,0,8,3,0,1,0,11,0,11,0,17,0,2.8,0.29,79,,693,509,,,0.8,3.3,48,62.9,33.1,
USC00420336,"ARCHES NATIONAL PARK HQS, UT US",38.6163,-109.6191,1247.5,2001-12,1987,0,4,3,1,1,0,29,0,0,0,12,1,1,0.2,52,,1699,1007,,,0.5,1,31.4,42.1,20.8,
USC00420336,"ARCHES NATIONAL PARK HQS, UT US",38.6163,-109.6191,1247.5,2002-01,0,0,4,1,,3,0,31,0,0,0,12,,2.7,0.11,56,,2705,1005,,,0.24,6,32.6,44.2,21,
USC00420336,"ARCHES NATIONAL PARK HQS, UT US",38.6163,-109.6191,1247.5,2002-02,0,0,0,0,0,0,0,27,0,0,0,11,0,0,0,62,,3518,813,,,0,0,36,50.3,21.6,
USC00420336,"ARCHES NATIONAL PARK HQS, UT US",38.6163,-109.6191,1247.5,2002-03,,,1,1,0,1,,,0,7,0,,0,1.5,0.13,79,,,,,,0.13,1.5,,61.9,,
USC00420336,"ARCHES NATIONAL PARK HQS, UT US",38.6163,-109.6191,1247.5,2002-04,,15,1,0,0,0,0,1,0,25,0,32,0,0,0.02,89,,,117,,,0.02,0,61.5,78.7,44.2,
USC00420336,"ARCHES NATIONAL PARK HQS, UT US",38.6163,-109.6191,1247.5,2002-05,,127,1,1,0,0,0,0,0,30,13,39,0,0,0.17,105,,,70,,,0.17,0,67,84.5,49.6,
USC00420336,"ARCHES NATIONAL PARK HQS, UT US",38.6163,-109.6191,1247.5,2002-06,,411,1,1,0,0,0,0,0,30,26,50,0,0,0.44,107,13.26,,0,53,95,0.44,0,79.9,99,60.8,1023.4
USC00420336,"ARCHES NATIONAL PARK HQS, UT US",38.6163,-109.6191,1247.5,2002-07,,625,5,1,0,0,0,0,0,31,31,60,0,0,0.23,111,14.48,0,0,62,100,0.28,0,86.7,104.2,69.3,1235.9
USC00420336,"ARCHES NATIONAL PARK HQS, UT US",38.6163,-109.6191,1247.5,2002-08,,404,5,2,0,0,0,0,0,31,29,52,0,0,0.2,109,12.23,0,0,57,93,0.38,0,80.7,98.9,62.5,1194.9
USC00420336,"ARCHES NATIONAL PARK HQS, UT US",38.6163,-109.6191,1247.5,2002-09,,168,12,4,0,0,0,0,0,28,8,42,0,0,1.62,100,,15,15,54,85,2.48,0,70.5,85.4,55.7,823.9
USC00420336,"ARCHES NATIONAL PARK HQS, UT US",38.6163,-109.6191,1247.5,2002-10,,0,7,2,0,0,0,1,0,20,0,30,0,0,0.55,82,,258,242,,,0.8,0,56.7,72.1,41.4,
USC00420336,"ARCHES NATIONAL PARK HQS, UT US",38.6163,-109.6191,1247.5,2002-11,,0,4,2,0,0,0,23,0,0,0,21,0,0,0.2,65,,887,629,,,0.47,0,41.9,55.8,28,
USC00420336,"ARCHES NATIONAL PARK HQS, UT US",38.6163,-109.6191,1247.5,2002-12,,0,3,0,0,0,0,29,0,0,0,17,0,0.3,0.03,57,,1766,879,,,0.08,0.3,35.7,48.3,23.1,
USC00420336,"ARCHES NATIONAL PARK HQS, UT US",38.6163,-109.6191,1247.5,2003-01,0,0,2,0,0,0,0,30,0,0,0,20,0,0,0.08,59,,2580,815,,,0.11,0,37.9,50.9,24.9,
USC00420336,"ARCHES NATIONAL PARK HQS, UT US",38.6163,-109.6191,1247.5,2003-02,0,0,7,4,0,0,0,21,0,0,0,16,0,0,0.41,61,,3242,662,,,1.19,0,39.6,51.3,27.8,
USC00420336,"ARCHES NATIONAL PARK HQS, UT US",38.6163,-109.6191,1247.5,2003-03,0,0,6,2,0,0,0,7,0,8,0,20,0,0,0.63,78,,3728,486,,,1.03,0,48.1,61.6,34.6,
USC00420336,"ARCHES NATIONAL PARK HQS, UT US",38.6163,-109.6191,1247.5,2003-04,11,11,1,0,0,0,0,7,0,20,0,28,0,0,0.01,83,,3987,259,,,0.01,0,56.6,73.1,40.1,
USC00420336,"ARCHES NATIONAL PARK HQS, UT US",38.6163,-109.6191,1247.5,2003-05,148,137,4,1,0,0,0,0,0,28,10,35,0,0,0.92,104,,4100,113,,,1.1,0,66.3,84,48.7,
USC00420336,"ARCHES NATIONAL PARK HQS, UT US",38.6163,-109.6191,1247.5,2003-06,490,342,4,1,0,0,0,0,0,30,26,52,0,0,0.26,102,13.39,4100,0,,,0.3,0,77.3,94.5,60.1,1353.3
USC00420336,"ARCHES NATIONAL PARK HQS, UT US",38.6163,-109.6191,1247.5,2003-07,1156,666,2,0,0,0,0,0,0,31,31,62,0,0,0.08,116,15.71,0,0,,,0.15,0,88,107,68.9,922.1
USC00420336,"ARCHES NATIONAL PARK HQS, UT US",38.6163,-109.6191,1247.5,2003-08,1722,566,6,3,0,0,0,0,0,31,31,60,0,0,0.12,107,12.28,0,0,64,93,0.36,0,83.3,99.6,67,1182.5
USC00420336,"ARCHES NATIONAL PARK HQS, UT US",38.6163,-109.6191,1247.5,2003-09,1905,183,3,3,0,0,0,0,0,30,19,40,0,0,0.27,100,8.3,14,14,53,78,0.52,0,70.9,89,52.9,890.4
USC00420336,"ARCHES NATIONAL PARK HQS, UT US",38.6163,-109.6191,1247.5,2003-10,1948,42,4,2,0,0,0,1,0,28,4,28,0,0,0.15,95,,106,92,,,0.36,0,63.3,81.5,45.1,
USC00420336,"ARCHES NATIONAL PARK HQS, UT US",38.6163,-109.6191,1247.5,2003-11,1948,0,5,0,0,0,0,16,0,1,0,12,0,0,0.09,71,,763,657,,,0.27,0,43.1,54.8,31.4,
USC00420336,"ARCHES NATIONAL PARK HQS, UT US",38.6163,-109.6191,1247.5,2003-12,1948,0,5,3,2,0,0,27,0,0,0,15,2,0,0.38,64,,1614,851,,,0.8,0,35.5,46.7,24.3,
USC00420336,"ARCHES NATIONAL PARK HQS, UT US",38.6163,-109.6191,1247.5,2004-01,0,0,3,1,10,0,0,30,10,0,0,12,2,0,0.11,50,,2728,1114,,,0.16,0,27.8,37.5,18,
USC00420336,"ARCHES NATIONAL PARK HQS, UT US",38.6163,-109.6191,1247.5,2004-02,0,0,8,3,7,2,0,20,0,0,0,9,4,2,0.3,60,,3528,800,,,0.84,3,35.4,47.1,23.8,
USC00420336,"ARCHES NATIONAL PARK HQS, UT US",38.6163,-109.6191,1247.5,2004-03,4,4,5,0,0,0,0,6,0,21,0,28,0,0,0.05,87,,3866,337,,,0.15,0,54.3,70.7,37.8,
USC00420336,"ARCHES NATIONAL PARK HQS, UT US",38.6163,-109.6191,1247.5,2004-04,8,4,10,5,0,0,0,0,0,19,0,34,0,0,0.78,85,,4057,191,,,2.09,0,57.8,71.1,44.5,
USC00420336,"ARCHES NATIONAL PARK HQS, UT US",38.6163,-109.6191,1247.5,2004-05,155,147,2,1,0,0,0,0,0,29,4,42,0,0,0.26,91,11.34,4111,54,53,81,0.28,0,68.1,82.2,53.9,1321.7
USC00420336,"ARCHES NATIONAL PARK HQS, UT US",38.6163,-109.6191,1247.5,2004-06,458,303,5,2,0,0,0,0,0,30,22,49,0,0,0.46,104,10.39,4111,0,59,88,0.76,0,76.2,92.8,59.7,1135.2
USC00420336,"ARCHES NATIONAL PARK HQS, UT US",38.6163,-109.6191,1247.5,2004-07,943,486,0,0,0,0,0,0,0,31,30,53,0,0,0,106,13.54,0,0,65,93,0,0,81.8,97.6,66,1304.3
USC00420336,"ARCHES NATIONAL PARK HQS, UT US",38.6163,-109.6191,1247.5,2004-08,1309,365,5,0,0,0,0,0,0,31,26,44,0,0,0.04,103,11.77,0,0,62,90,0.15,0,78.5,95.3,61.6,1229.1
USC00420336,"ARCHES NATIONAL PARK HQS, UT US",38.6163,-109.6191,1247.5,2004-09,1524,216,8,5,0,0,0,0,0,27,14,38,0,0,0.46,100,,57,57,,,1.19,0,70.3,85.9,54.6,
USC00420336,"ARCHES NATIONAL PARK HQS, UT US",38.6163,-109.6191,1247.5,2004-10,1524,0,12,3,0,0,0,1,0,19,0,32,0,0,0.25,89,,274,217,,,0.78,0,57.9,72.3,43.6,
USC00420336,"ARCHES NATIONAL PARK HQS, UT US",38.6163,-109.6191,1247.5,2004-11,1524,0,12,4,0,0,0,15,0,0,0,12,0,0.5,0.3,66,,891,617,,,1.14,0.5,43.8,54.9,32.6,
USC00420336,"ARCHES NATIONAL PARK HQS, UT US",38.6163,-109.6191,1247.5,2004-12,1524,0,4,1,1,0,0,27,0,0,0,12,1,0.8,0.38,52,,1834,943,,,0.57,0.8,33.6,43.6,23.6,
USC00420336,"ARCHES NATIONAL PARK HQS, UT US",38.6163,-109.6191,1247.5,2005-01,0,0,8,6,0,0,0,18,0,0,0,14,0,0,0.37,60,,2604,770,,,1.5,0,40.2,50.6,29.7,
USC00420336,"ARCHES NATIONAL PARK HQS, UT US",38.6163,-109.6191,1247.5,2005-02,0,0,8,4,0,0,0,17,0,0,0,24,0,0,0.3,63,,3247,643,,,0.92,0,42,53.2,30.9,
USC00420336,"ARCHES NATIONAL PARK HQS, UT US",38.6163,-109.6191,1247.5,2005-03,0,0,7,4,0,0,0,10,0,4,0,26,0,0,0.85,75,,3759,511,,,1.48,0,48,61.7,34.4,
USC00420336,"ARCHES NATIONAL PARK HQS, UT US",38.6163,-109.6191,1247.5,2005-04,,,3,0,0,0,,,0,19,0,,0,0,0.08,84,,,,,,0.1,0,,71.3,,
USC00420336,"ARCHES NATIONAL PARK HQS, UT US",38.6163,-109.6191,1247.5,2005-05,,132,5,0,0,0,0,0,0,26,11,36,0,0,0.04,100,,,78,,,0.13,0,67.1,82.7,51.6,
USC00420336,"ARCHES NATIONAL PARK HQS, UT US",38.6163,-109.6191,1247.5,2005-06,,236,7,3,0,0,0,0,0,29,17,41,0,0,0.29,106,,,23,,,0.78,0,73.4,89,57.8,
USC00420336,"ARCHES NATIONAL PARK HQS, UT US",38.6163,-109.6191,1247.5,2005-07,,620,1,1,0,0,0,0,0,31,31,54,0,0,0.3,112,,0,0,,,0.3,0,85,103.2,66.8,
USC00420336,"ARCHES NATIONAL PARK HQS, UT US",38.6163,-109.6191,1247.5,2005-08,,370,9,2,0,0,0,0,0,31,27,50,0,0,0.44,102,,0,0,,,0.84,0,76.9,93.5,60.3,
USC00420336,"ARCHES NATIONAL PARK HQS, UT US",38.6163,-109.6191,1247.5,2005-09,,166,5,3,0,0,0,0,0,29,10,43,0,0,0.53,96,,12,12,,,1.19,0,70.1,86.9,53.3,
USC00420336,"ARCHES NATIONAL PARK HQS, UT US",38.6163,-109.6191,1247.5,2005-10,,31,5,4,0,0,0,2,0,21,0,28,0,0,0.3,89,,220,208,,,0.89,0,59.3,73.7,44.9,
USC00420336,"ARCHES NATIONAL PARK HQS, UT US",38.6163,-109.6191,1247.5,2005-11,,0,1,1,0,0,0,16,0,5,0,10,0,0,0.37,75,,824,604,,,0.37,0,44.9,58.3,31.5,
USC00420336,"ARCHES NATIONAL PARK HQS, UT US",38.6163,-109.6191,1247.5,2005-12,,0,1,1,0,0,0,29,2,0,0,9,0,0,0.1,56,,1810,985,,,0.1,0,32.2,44.4,19.9,
USC00420336,"ARCHES NATIONAL PARK HQS, UT US",38.6163,-109.6191,1247.5,2006-01,0,0,4,1,2,2,0,29,0,0,0,8,2,1.5,0.25,60,,2754,945,,,0.39,2.5,34.5,47.4,21.7,
USC00420336,"ARCHES NATIONAL PARK HQS, UT US",38.6163,-109.6191,1247.5,2006-02,0,0,1,0,0,0,0,26,1,1,0,16,0,0,0.01,71,,3527,772,,,0.01,0,37.4,50.8,24.1,
USC00420336,"ARCHES NATIONAL PARK HQS, UT US",38.6163,-109.6191,1247.5,2006-03,0,0,9,3,2,0,0,12,0,4,0,27,1,0.9,0.32,73,,4086,559,,,0.98,1.7,47,58.8,35.1,
USC00420336,"ARCHES NATIONAL PARK HQS, UT US",38.6163,-109.6191,1247.5,2006-04,7,7,2,0,0,0,0,1,0,22,0,32,0,0,0.03,88,,4305,220,,,0.04,0,57.9,73.7,42.2,
USC00420336,"ARCHES NATIONAL PARK HQS, UT US",38.6163,-109.6191,1247.5,2006-05,168,160,1,0,0,0,0,0,0,31,13,33,0,0,0.01,96,,4367,62,,,0.01,0,68.2,85.9,50.4,
USC00420336,"ARCHES NATIONAL PARK HQS, UT US",38.6163,-109.6191,1247.5,2006-06,588,420,1,1,0,0,0,0,0,30,26,42,0,0,0.11,108,,4367,0,,,0.11,0,79,96.9,61.1,
USC00420336,"ARCHES NATIONAL PARK HQS, UT US",38.6163,-109.6191,1247.5,2006-07,1174,586,7,2,0,0,0,0,0,31,30,55,0,0,1.59,110,,0,0,,,1.87,0,83.9,100.4,67.4,
USC00420336,"ARCHES NATIONAL PARK HQS, UT US",38.6163,-109.6191,1247.5,2006-08,1592,418,9,7,0,0,0,0,0,31,27,52,0,0,0.47,101,,0,0,,,2.03,0,78.5,94.4,62.6,
USC00420336,"ARCHES NATIONAL PARK HQS, UT US",38.6163,-109.6191,1247.5,2006-09,1717,125,8,5,0,0,0,1,0,24,9,29,0,0,0.78,99,,110,110,,,2.26,0,65.5,82.1,48.9,
USC00420336,"ARCHES NATIONAL PARK HQS, UT US",38.6163,-109.6191,1247.5,2006-10,1723,6,12,10,0,0,0,6,0,13,0,25,0,0,1.28,85,,475,365,,,4.86,0,53.4,67.6,39.2,
USC00420336,"ARCHES NATIONAL PARK HQS, UT US",38.6163,-109.6191,1247.5,2006-11,1723,0,5,2,2,2,0,20,1,1,0,10,2,2,0.25,73,,1101,626,,,0.49,3.3,44.1,58.2,30,
USC00420336,"ARCHES NATIONAL PARK HQS, UT US",38.6163,-109.6191,1247.5,2006-12,1723,0,2,2,0,0,0,30,1,0,0,2,0,0,0.25,52,,2154,1053,,,0.37,0,29.9,41.7,18.1,
USC00420336,"ARCHES NATIONAL PARK HQS, UT US",38.6163,-109.6191,1247.5,2007-01,0,0,2,2,2,2,0,30,4,0,0,2,1,1,0.5,58,,3267,1113,,,0.78,2,29.1,41.4,16.8,
USC00420336,"ARCHES NATIONAL PARK HQS, UT US",38.6163,-109.6191,1247.5,2007-02,0,0,5,1,1,1,0,21,0,1,0,10,1,1,0.12,70,,3933,665,,,0.22,1.2,41.2,55,27.4,
USC00420336,"ARCHES NATIONAL PARK HQS, UT US",38.6163,-109.6191,1247.5,2007-03,0,0,6,1,0,0,0,12,0,13,0,21,0,0,0.14,84,,4405,472,,,0.26,0,49.8,64.7,34.9,
USC00420336,"ARCHES NATIONAL PARK HQS, UT US",38.6163,-109.6191,1247.5,2007-04,2,2,8,2,0,0,0,3,0,16,0,29,0,0,0.71,88,,4673,268,,,1.3,0,55.1,70,40.3,
USC00420336,"ARCHES NATIONAL PARK HQS, UT US",38.6163,-109.6191,1247.5,2007-05,108,106,5,2,0,0,0,1,0,27,9,28,0,0,0.31,94,,4782,109,,,0.53,0,64.9,82,47.8,
USC00420336,"ARCHES NATIONAL PARK HQS, UT US",38.6163,-109.6191,1247.5,2007-06,474,366,1,0,0,0,0,0,0,30,26,37,0,0,0.01,105,,4794,12,,,0.01,0,77.1,95.8,58.4,
USC00420336,"ARCHES NATIONAL PARK HQS, UT US",38.6163,-109.6191,1247.5,2007-07,1075,601,5,3,0,0,0,0,0,31,31,52,0,0,1.56,109,,0,0,,,2.15,0,84.4,102.5,66.3,
USC00420336,"ARCHES NATIONAL PARK HQS, UT US",38.6163,-109.6191,1247.5,2007-08,1582,507,5,2,0,0,0,0,0,31,28,50,0,0,1.45,104,,1,1,,,1.85,0,81.3,97.6,65.1,
USC00420336,"ARCHES NATIONAL PARK HQS, UT US",38.6163,-109.6191,1247.5,2007-09,1822,240,6,3,0,0,0,2,0,29,16,26,0,0,0.5,100,,54,53,,,0.85,0,71.7,88.5,54.9,
USC00420336,"ARCHES NATIONAL PARK HQS, UT US",38.6163,-109.6191,1247.5,2007-10,1835,13,3,1,0,0,0,5,0,21,0,24,0,0,0.17,84,,364,310,,,0.2,0,55.4,72,38.7,
USC00420336,"ARCHES NATIONAL PARK HQS, UT US",38.6163,-109.6191,1247.5,2007-11,1835,0,1,0,1,1,0,21,0,6,0,21,3,3,0.01,72,,911,547,,,0.01,3,46.7,62.7,30.8,
USC00420336,"ARCHES NATIONAL PARK HQS, UT US",38.6163,-109.6191,1247.5,2007-12,1835,0,7,4,4,2,0,28,4,0,0,9,2,2,0.7,55,,1934,1023,,,1.65,3,30.9,40.8,21,
USC00420336,"ARCHES NATIONAL PARK HQS, UT US",38.6163,-109.6191,1247.5,2008-01,0,0,8,1,3,2,0,31,4,0,0,7,1,1,0.12,54,,3068,1134,,,0.39,2.6,28.4,39.6,17.3,
USC00420336,"ARCHES NATIONAL PARK HQS, UT US",38.6163,-109.6191,1247.5,2008-02,0,0,7,2,1,1,0,25,0,0,0,14,2,1.5,0.31,61,,3878,810,,,0.76,1.8,37.1,47.6,26.5,
USC00420336,"ARCHES NATIONAL PARK HQS, UT US",38.6163,-109.6191,1247.5,2008-03,0,0,1,1,0,0,0,17,0,5,0,24,0,0,0.37,77,,4415,537,,,0.37,0,46.9,61.1,32.6,
USC00420336,"ARCHES NATIONAL PARK HQS, UT US",38.6163,-109.6191,1247.5,2008-04,4,4,3,2,0,0,0,3,0,12,0,26,0,0,0.45,83,,4722,307,,,0.63,0,53.1,67.7,38.6,
USC00420336,"ARCHES NATIONAL PARK HQS, UT US",38.6163,-109.6191,1247.5,2008-05,50,47,6,2,0,0,0,2,0,24,3,28,0,0,0.29,99,,4852,130,,,0.55,0,61.7,77.2,46.2,
USC00420336,"ARCHES NATIONAL PARK HQS, UT US",38.6163,-109.6191,1247.5,2008-06,379,329,2,1,0,0,0,0,0,28,21,45,0,0,0.34,102,,4865,13,,,0.42,0,76.5,92.3,60.7,
USC00420336,"ARCHES NATIONAL PARK HQS, UT US",38.6163,-109.6191,1247.5,2008-07,888,509,3,0,0,0,0,0,0,30,30,54,0,0,0.05,105,,0,0,,,0.07,0,83.2,100.6,65.8,
USC00420336,"ARCHES NATIONAL PARK HQS, UT US",38.6163,-109.6191,1247.5,2008-08,1381,493,5,1,0,0,0,0,0,31,28,54,0,0,0.3,107,,0,0,,,0.47,0,80.9,97.9,63.9,
USC00420336,"ARCHES NATIONAL PARK HQS, UT US",38.6163,-109.6191,1247.5,2008-09,1500,119,4,1,0,0,0,0,0,30,12,40,0,0,0.27,95,,13,13,,,0.39,0,69.1,87.7,50.5,
USC00420336,"ARCHES NATIONAL PARK HQS, UT US",38.6163,-109.6191,1247.5,2008-10,1528,28,3,2,0,0,0,3,0,22,0,29,0,0,0.27,89,,252,239,,,0.39,0,57.8,73.4,42.3,
USC00420336,"ARCHES NATIONAL PARK HQS, UT US",38.6163,-109.6191,1247.5,2008-11,1528,0,3,2,0,0,0,19,0,3,0,23,0,0,0.67,76,,812,560,,,0.86,0,44.9,57.6,32.1,
USC00420336,"ARCHES NATIONAL PARK HQS, UT US",38.6163,-109.6191,1247.5,2008-12,1528,0,4,3,11,3,0,27,6,0,0,13,3,2.5,0.2,61,,1742,930,,,0.54,7.5,32.8,41.4,24.2,
USC00420336,"ARCHES NATIONAL PARK HQS, UT US",38.6163,-109.6191,1247.5,2009-01,0,0,2,1,0,0,0,28,5,0,0,9,0,0,0.14,57,,2835,1093,,,0.18,0,29.7,39.5,20,
USC00420336,"ARCHES NATIONAL PARK HQS, UT US",38.6163,-109.6191,1247.5,2009-02,0,0,1,0,0,0,0,20,0,0,0,22,0,0,0.07,69,,3503,667,,,0.07,0,41.2,52.9,29.5,
USC00420336,"ARCHES NATIONAL PARK HQS, UT US",38.6163,-109.6191,1247.5,2009-03,0,0,3,2,0,0,0,12,0,9,0,23,0,0,0.1,78,,4006,504,,,0.21,0,48.7,62.5,35,
USC00420336,"ARCHES NATIONAL PARK HQS, UT US",38.6163,-109.6191,1247.5,2009-04,16,16,5,2,0,0,0,8,0,15,0,27,0,0,0.25,85,,4329,323,,,0.45,0,54.8,67.7,41.8,
USC00420336,"ARCHES NATIONAL PARK HQS, UT US",38.6163,-109.6191,1247.5,2009-08,,486,3,1,0,0,0,0,0,31,28,59,0,0,0.14,103,,,0,,,0.2,0,80.7,95.4,65.9,
USC00420336,"ARCHES NATIONAL PARK HQS, UT US",38.6163,-109.6191,1247.5,2009-09,,270,4,1,0,0,0,0,0,29,14,44,0,0,0.11,97,,,17,,,0.24,0,73.4,87.2,59.7,
USC00420336,"ARCHES NATIONAL PARK HQS, UT US",38.6163,-109.6191,1247.5,2009-10,,12,3,2,0,0,0,4,0,15,1,30,0,0,0.75,90,,,316,,,0.95,0,55.2,67.7,42.6,
USC00420336,"ARCHES NATIONAL PARK HQS, UT US",38.6163,-109.6191,1247.5,2009-11,,0,2,1,0,0,0,17,0,3,0,22,0,0,0.1,75,,,636,,,0.12,0,43.8,55.8,31.8,
USC00420336,"ARCHES NATIONAL PARK HQS, UT US",38.6163,-109.6191,1247.5,2009-12,,0,5,2,23,3,4,30,18,0,0,-4,6,6,0.57,49,,,1283,,,0.81,12,22.2,31.4,13.1,
USC00420336,"ARCHES NATIONAL PARK HQS, UT US",38.6163,-109.6191,1247.5,2010-01,0,0,5,4,26,1,2,29,17,0,0,0,6,4,0.41,51,,,1271,,,1.11,4,24,32.9,15.1,
USC00420336,"ARCHES NATIONAL PARK HQS, UT US",38.6163,-109.6191,1247.5,2010-02,0,0,8,6,4,2,0,28,2,0,0,19,1,1,0.39,45,,,934,,,1.27,4,31.6,38.4,24.9,
USC00420336,"ARCHES NATIONAL PARK HQS, UT US",38.6163,-109.6191,1247.5,2010-03,2,2,8,5,0,0,0,11,0,2,0,29,0,0,0.45,77,,,592,,,1.28,0,45.3,56.6,34.1,
USC00420336,"ARCHES NATIONAL PARK HQS, UT US",38.6163,-109.6191,1247.5,2010-04,10,7,2,1,0,0,0,1,0,18,0,31,0,0,0.3,82,,,264,,,0.34,0,56.4,69.1,43.8,
USC00420336,"ARCHES NATIONAL PARK HQS, UT US",38.6163,-109.6191,1247.5,2010-05,80,70,5,1,0,0,0,0,0,22,2,37,0,0,0.17,94,,,151,,,0.32,0,62.4,75.1,49.6,
USC00420336,"ARCHES NATIONAL PARK HQS, UT US",38.6163,-109.6191,1247.5,2010-06,491,412,3,2,0,0,0,0,0,30,22,51,0,0,0.12,104,,,4,,,0.27,0,78.6,92.6,64.5,
USC00420336,"ARCHES NATIONAL PARK HQS, UT US",38.6163,-109.6191,1247.5,2010-07,1093,602,4,3,0,0,0,0,0,31,29,56,0,0,0.17,107,,0,0,,,0.51,0,84.4,98.4,70.4,
USC00420336,"ARCHES NATIONAL PARK HQS, UT US",38.6163,-109.6191,1247.5,2010-08,1550,457,10,4,0,0,0,0,0,31,23,59,0,0,0.53,101,,0,0,,,1.43,0,79.7,93,66.5,
USC00420336,"ARCHES NATIONAL PARK HQS, UT US",38.6163,-109.6191,1247.5,2010-09,1793,243,2,1,0,0,0,0,0,30,19,47,0,0,0.5,99,,2,2,,,0.52,0,73,89.8,56.2,
USC00420336,"ARCHES NATIONAL PARK HQS, UT US",38.6163,-109.6191,1247.5,2010-10,1835,42,10,5,0,0,0,2,0,19,4,30,0,0,0.24,92,,209,206,,,0.91,0,59.7,72.8,46.6,
USC00420336,"ARCHES NATIONAL PARK HQS, UT US",38.6163,-109.6191,1247.5,2010-11,1835,0,5,1,0,0,0,16,1,2,0,11,0,0.5,0.24,74,,889,680,,,0.41,0.5,42.3,54.2,30.4,
USC00420336,"ARCHES NATIONAL PARK HQS, UT US",38.6163,-109.6191,1247.5,2010-12,1835,0,6,3,2,2,0,24,1,0,0,14,4,4,0.47,59,,1684,795,,,1.22,6.3,38.5,47.6,29.4,
USC00420336,"ARCHES NATIONAL PARK HQS, UT US",38.6163,-109.6191,1247.5,2011-01,0,0,0,0,16,,3,30,12,0,0,-2,3,,0,52,,2851,1166,,,0,,26.1,35.5,16.8,
USC00420336,"ARCHES NATIONAL PARK HQS, UT US",38.6163,-109.6191,1247.5,2011-02,0,0,2,0,,,0,21,4,0,0,6,,,0.08,65,,3666,815,,,0.12,,35.9,46.6,25.1,
USC00420336,"ARCHES NATIONAL PARK HQS, UT US",38.6163,-109.6191,1247.5,2011-03,0,0,3,0,,,0,7,0,4,0,29,,,0.06,74,,4151,485,,,0.1,,49.4,61.5,37.2,
USC00420336,"ARCHES NATIONAL PARK HQS, UT US",38.6163,-109.6191,1247.5,2011-04,0,0,7,4,,,0,2,0,12,0,29,,,0.4,82,,4463,312,,,0.91,,54.6,67.5,41.7,
USC00420336,"ARCHES NATIONAL PARK HQS, UT US",38.6163,-109.6191,1247.5,2011-05,51,51,8,4,,,0,0,0,20,0,36,,,0.29,88,,4633,169,,,1.01,,61.2,73.8,48.6,
USC00420336,"ARCHES NATIONAL PARK HQS, UT US",38.6163,-109.6191,1247.5,2011-06,403,351,2,2,,,0,0,0,30,19,50,,,0.13,104,,4633,0,,,0.23,,76.7,91.6,61.8,
USC00420336,"ARCHES NATIONAL PARK HQS, UT US",38.6163,-109.6191,1247.5,2011-07,948,545,10,7,,,0,0,0,31,28,62,,,0.5,104,,0,0,,,1.7,,82.6,96.5,68.6,
USC00420336,"ARCHES NATIONAL PARK HQS, UT US",38.6163,-109.6191,1247.5,2011-08,1515,567,4,2,,,0,0,0,30,30,64,,,0.56,104,,0,0,,,0.87,,83.9,98.8,69,
USC00420336,"ARCHES NATIONAL PARK HQS, UT US",38.6163,-109.6191,1247.5,2011-09,1758,243,5,2,,,0,0,0,30,10,52,,,0.27,99,,0,0,,,0.54,,73.1,87.2,59,
USC00420336,"ARCHES NATIONAL PARK HQS, UT US",38.6163,-109.6191,1247.5,2011-10,1801,43,7,2,,,0,3,0,21,1,30,,,0.77,90,,271,271,,,1.08,,57.6,71.4,43.9,
USC00420336,"ARCHES NATIONAL PARK HQS, UT US",38.6163,-109.6191,1247.5,2011-11,1801,0,5,3,,,0,15,0,0,0,23,,,0.33,69,,911,641,,,0.77,,43.6,54.5,32.8,
USC00420336,"ARCHES NATIONAL PARK HQS, UT US",38.6163,-109.6191,1247.5,2011-12,1801,0,2,1,,,0,29,0,0,0,13,,,0.11,54,,1949,1037,,,0.18,,31.5,40.9,22.1,
USC00420336,"ARCHES NATIONAL PARK HQS, UT US",38.6163,-109.6191,1247.5,2012-01,0,0,3,1,,,0,29,0,0,0,14,,,0.11,59,,2908,959,,,0.15,,34.1,45.6,22.5,
USC00420336,"ARCHES NATIONAL PARK HQS, UT US",38.6163,-109.6191,1247.5,2012-02,0,0,4,1,,,0,26,0,0,0,21,,,0.12,64,,3664,756,,,0.2,,38.9,50.4,27.4,
USC00420336,"ARCHES NATIONAL PARK HQS, UT US",38.6163,-109.6191,1247.5,2012-03,1,1,2,1,,,0,11,0,14,0,21,,,0.1,81,,4075,411,,,0.14,,51.8,65.3,38.3,
USC00420336,"ARCHES NATIONAL PARK HQS, UT US",38.6163,-109.6191,1247.5,2012-04,44,43,4,3,,,0,0,0,19,2,34,,,0.3,92,,4270,194,,,0.51,,60,74.2,45.7,
USC00420336,"ARCHES NATIONAL PARK HQS, UT US",38.6163,-109.6191,1247.5,2012-05,198,154,0,0,,,0,0,0,31,7,45,,,0,96,,4279,9,,,0,,69.7,84.4,54.9,
USC00420336,"ARCHES NATIONAL PARK HQS, UT US",38.6163,-109.6191,1247.5,2012-06,688,490,0,0,,,0,0,0,30,27,55,,,0,105,,4279,0,,,0,,81.3,97.3,65.4,
USC00420336,"ARCHES NATIONAL PARK HQS, UT US",38.6163,-109.6191,1247.5,2012-07,1302,614,6,2,,,0,0,0,31,28,64,,,0.19,105,,0,0,,,0.45,,84.8,97.5,72.1,
USC00420336,"ARCHES NATIONAL PARK HQS, UT US",38.6163,-109.6191,1247.5,2012-08,1878,576,7,2,,,0,0,0,31,28,63,,,0.44,105,,0,0,,,0.69,,83.6,97.2,69.9,
USC00420336,"ARCHES NATIONAL PARK HQS, UT US",38.6163,-109.6191,1247.5,2012-09,2144,265,4,0,,,0,0,0,29,15,52,,,0.05,96,,3,3,,,0.13,,73.7,88,59.4,
USC00420336,"ARCHES NATIONAL PARK HQS, UT US",38.6163,-109.6191,1247.5,2012-10,2180,36,3,2,,,0,2,0,20,1,30,,,0.47,90,,207,203,,,0.8,,59.6,73.4,45.8,
USC00420336,"ARCHES NATIONAL PARK HQS, UT US",38.6163,-109.6191,1247.5,2012-11,2180,0,3,0,,,0,16,0,3,0,23,,,0.09,73,,779,572,,,0.16,,45.9,59.3,32.6,
USC00420336,"ARCHES NATIONAL PARK HQS, UT US",38.6163,-109.6191,1247.5,2012-12,2180,0,6,1,,,0,21,11,0,0,6,,,0.45,64,,1734,955,,,0.64,,33.2,42.1,24.3,
USC00420336,"ARCHES NATIONAL PARK HQS, UT US",38.6163,-109.6191,1247.5,2013-01,0,0,4,1,27,,8,30,24,0,0,-4,4,,0.54,49,,3199,1465,,,0.71,,17.7,27.6,7.9,
USC00420336,"ARCHES NATIONAL PARK HQS, UT US",38.6163,-109.6191,1247.5,2013-02,0,0,3,1,1,,0,27,0,0,0,20,2,,0.2,58,,4032,832,,,0.29,,35.3,45.1,25.4,
USC00420336,"ARCHES NATIONAL PARK HQS, UT US",38.6163,-109.6191,1247.5,2013-03,0,0,1,0,,,0,12,0,7,0,23,,,0.01,75,,4559,527,,,0.01,,48,61.7,34.2,
USC00420336,"ARCHES NATIONAL PARK HQS, UT US",38.6163,-109.6191,1247.5,2013-04,5,5,6,2,,,0,3,0,16,0,29,,,0.31,86,,4890,331,,,0.71,,54.1,67.3,41,
USC00420336,"ARCHES NATIONAL PARK HQS, UT US",38.6163,-109.6191,1247.5,2013-05,140,135,4,2,,,0,0,0,26,6,37,,,0.21,94,,4962,72,,,0.45,,67,80.5,53.5,
USC00420336,"ARCHES NATIONAL PARK HQS, UT US",38.6163,-109.6191,1247.5,2013-06,613,473,0,0,,,0,0,0,30,28,53,,,0,109,,4962,0,,,0,,80.8,96.8,64.7,
USC00420336,"ARCHES NATIONAL PARK HQS, UT US",38.6163,-109.6191,1247.5,2013-07,1290,677,8,3,,,0,0,0,31,30,63,,,0.31,106,,0,0,,,0.85,,86.8,100.1,73.5,
USC00420336,"ARCHES NATIONAL PARK HQS, UT US",38.6163,-109.6191,1247.5,2013-08,1763,474,8,4,,,0,0,0,31,24,60,,,0.45,101,,0,0,,,1.22,,80.3,92.9,67.6,
USC00420336,"ARCHES NATIONAL PARK HQS, UT US",38.6163,-109.6191,1247.5,2013-09,2006,242,7,6,,,0,0,0,27,9,42,,,1.03,100,,29,29,,,2.5,,72.1,84.5,59.6,
USC00420336,"ARCHES NATIONAL PARK HQS, UT US",38.6163,-109.6191,1247.5,2013-11,,0,3,2,,,0,11,0,0,0,27,,,0.7,67,,,646,,,0.92,,43.5,54.1,32.9,
USC00420336,"ARCHES NATIONAL PARK HQS, UT US",38.6163,-109.6191,1247.5,2013-12,,0,2,2,27,2,0,28,17,0,0,1,6,6,0.5,46,,,1277,,,0.62,8.5,22.4,31.1,13.8,
USC00420336,"ARCHES NATIONAL PARK HQS, UT US",38.6163,-109.6191,1247.5,2014-01,0,0,1,1,4,0,0,30,3,0,0,12,2,0,0.18,48,,,1039,,,0.18,0,30.4,40.5,20.2,
USC00420336,"ARCHES NATIONAL PARK HQS, UT US",38.6163,-109.6191,1247.5,2014-02,0,0,3,2,0,0,0,16,0,1,0,19,0,0,0.21,70,,,628,,,0.33,0,42.5,54.1,31,
USC00420336,"ARCHES NATIONAL PARK HQS, UT US",38.6163,-109.6191,1247.5,2014-03,0,0,2,2,,0,0,8,0,5,0,30,,0,0.15,73,,,489,,,0.25,0,49.2,62.7,35.8,
USC00420336,"ARCHES NATIONAL PARK HQS, UT US",38.6163,-109.6191,1247.5,2014-04,1,1,4,3,0,0,0,1,0,13,0,32,0,0,0.34,82,,,310,,,0.89,0,54.7,68.2,41.3,
USC00420336,"ARCHES NATIONAL PARK HQS, UT US",38.6163,-109.6191,1247.5,2014-05,122,121,5,5,,,0,0,0,23,2,39,,,1.27,96,,,124,,,2.48,,64.9,77.8,52,
USC00420336,"ARCHES NATIONAL PARK HQS, UT US",38.6163,-109.6191,1247.5,2014-06,475,353,1,0,,,0,0,0,30,22,55,,,0.02,102,,,0,,,0.02,,76.8,92.3,61.3,
USC00420336,"ARCHES NATIONAL PARK HQS, UT US",38.6163,-109.6191,1247.5,2014-07,1117,641,4,3,,,0,0,0,31,30,62,,,0.68,106,,0,0,,,1.55,,85.7,99.5,71.9,
USC00420336,"ARCHES NATIONAL PARK HQS, UT US",38.6163,-109.6191,1247.5,2014-08,1510,393,11,6,,,0,0,0,31,18,59,,,1.22,100,,0,0,,,2.75,,77.7,90.1,65.2,
USC00420336,"ARCHES NATIONAL PARK HQS, UT US",38.6163,-109.6191,1247.5,2014-09,1799,290,6,5,,,0,0,0,29,17,51,,,1.02,96,,10,10,,,2.68,,74.3,88.2,60.4,
USC00420336,"ARCHES NATIONAL PARK HQS, UT US",38.6163,-109.6191,1247.5,2014-10,1804,5,2,1,,,0,0,0,24,0,35,,,0.13,80,,171,161,,,0.14,,59.9,73.4,46.5,
USC00420336,"ARCHES NATIONAL PARK HQS, UT US",38.6163,-109.6191,1247.5,2014-11,1804,0,4,1,,,0,18,0,3,0,20,,,0.15,77,,798,627,,,0.24,,43.4,56.3,30.5,
USC00420336,"ARCHES NATIONAL PARK HQS, UT US",38.6163,-109.6191,1247.5,2014-12,1804,0,4,1,1,1,0,19,1,0,0,15,1,1,0.35,61,,1594,796,,,0.56,1.4,38.5,46.7,30.2,
USC00420336,"ARCHES NATIONAL PARK HQS, UT US",38.6163,-109.6191,1247.5,2015-01,0,0,3,3,0,0,0,30,3,0,0,15,0,0.4,0.44,54,,2555,961,,,0.89,0.4,34,43,25,
USC00420336,"ARCHES NATIONAL PARK HQS, UT US",38.6163,-109.6191,1247.5,2015-02,0,0,3,0,0,0,0,13,0,1,0,23,0,0,0.06,71,,3129,574,,,0.08,0,44.5,56.8,32.2,
USC00420336,"ARCHES NATIONAL PARK HQS, UT US",38.6163,-109.6191,1247.5,2015-03,0,0,3,2,,,0,8,0,14,0,26,,,0.16,83,,3529,400,,,0.32,,52.1,66.8,37.5,
USC00420336,"ARCHES NATIONAL PARK HQS, UT US",38.6163,-109.6191,1247.5,2015-04,2,2,6,4,,,0,2,0,19,0,31,,,0.65,83,,3767,238,,,1.57,,56.2,70.5,41.9,
USC00420336,"ARCHES NATIONAL PARK HQS, UT US",38.6163,-109.6191,1247.5,2015-05,46,44,13,5,,,0,0,0,24,0,45,,,0.29,89,,3858,91,,,1.28,,63.5,75.8,51.1,
USC00420336,"ARCHES NATIONAL PARK HQS, UT US",38.6163,-109.6191,1247.5,2015-06,479,434,6,3,,,0,0,0,30,23,53,,,1.15,105,,3858,0,,,1.83,,79.5,94.5,64.4,
USC00420336,"ARCHES NATIONAL PARK HQS, UT US",38.6163,-109.6191,1247.5,2015-07,984,504,9,8,,,0,0,0,31,24,58,,,0.62,106,,0,0,,,1.63,,81.3,94.4,68.2,
USC00420336,"ARCHES NATIONAL PARK HQS, UT US",38.6163,-109.6191,1247.5,2015-08,1473,489,5,2,,,0,0,0,30,27,61,,,0.26,105,,0,0,,,0.53,,81.3,95.8,66.8,
USC00420336,"ARCHES NATIONAL PARK HQS, UT US",38.6163,-109.6191,1247.5,2015-09,1788,315,4,2,,,0,0,0,30,19,52,,,0.45,97,,0,0,,,0.7,,75.5,90.4,60.5,
USC00420336,"ARCHES NATIONAL PARK HQS, UT US",38.6163,-109.6191,1247.5,2015-10,1835,47,10,8,,,0,0,0,19,1,37,,,0.62,94,,124,124,,,2.37,,62.6,74.9,50.3,
USC00420336,"ARCHES NATIONAL PARK HQS, UT US",38.6163,-109.6191,1247.5,2015-11,1835,0,5,3,0,0,0,20,0,1,0,21,0,0,0.5,75,,758,633,,,1.3,0,42.7,54.2,31,
USC00420336,"ARCHES NATIONAL PARK HQS, UT US",38.6163,-109.6191,1247.5,2015-12,1835,0,3,1,7,3,0,29,3,0,0,12,5,5,0.38,50,,1765,1008,,,0.59,7.5,31.4,40.4,22.4,
USC00420336,"ARCHES NATIONAL PARK HQS, UT US",38.6163,-109.6191,1247.5,2016-01,0,0,4,1,3,1,0,26,5,0,0,9,1,1,0.37,62,,2718,952,,,0.42,1,31,40.1,21.8,
USC00420336,"ARCHES NATIONAL PARK HQS, UT US",38.6163,-109.6191,1247.5,2016-02,0,0,3,2,10,2,0,23,2,0,0,8,7,5.5,0.48,69,,3467,749,,,0.68,8,37.3,49.4,25.2,
USC00420336,"ARCHES NATIONAL PARK HQS, UT US",38.6163,-109.6191,1247.5,2016-03,0,0,5,1,,,0,4,0,7,0,30,,,0.44,77,,3910,443,,,0.57,,50.7,64.3,37.1,
USC00420336,"ARCHES NATIONAL PARK HQS, UT US",38.6163,-109.6191,1247.5,2016-04,4,4,8,5,,0,0,0,0,16,0,35,,0,0.36,85,,4173,263,,,1.2,0,56.1,68.4,43.7,
USC00420336,"ARCHES NATIONAL PARK HQS, UT US",38.6163,-109.6191,1247.5,2016-05,77,73,6,3,,,0,0,0,24,1,44,,,0.33,90,,4256,82,,,0.7,,64.7,77.9,51.5,
USC00420336,"ARCHES NATIONAL PARK HQS, UT US",38.6163,-109.6191,1247.5,2016-06,612,535,0,0,,,0,0,0,30,27,57,,,0,109,,4256,0,,,0,,82.8,98.7,66.9,
USC00420336,"ARCHES NATIONAL PARK HQS, UT US",38.6163,-109.6191,1247.5,2016-07,1211,598,6,5,,,0,0,0,31,29,61,,,0.25,107,,0,0,,,1.02,,84.3,99.5,69.1,
USC00420336,"ARCHES NATIONAL PARK HQS, UT US",38.6163,-109.6191,1247.5,2016-08,1657,447,5,5,,,0,0,0,31,24,59,,,0.48,100,,0,0,,,1.49,,79.4,93.1,65.7,
USC00420336,"ARCHES NATIONAL PARK HQS, UT US",38.6163,-109.6191,1247.5,2016-09,1888,230,8,3,,,0,0,0,30,13,47,,,0.28,97,,11,11,,,0.75,,72.3,86.9,57.7,
USC00420336,"ARCHES NATIONAL PARK HQS, UT US",38.6163,-109.6191,1247.5,2016-10,1938,50,6,1,,,0,0,0,25,0,35,,,0.45,84,,162,150,,,0.62,,61.8,75.5,48.1,
USC00420336,"ARCHES NATIONAL PARK HQS, UT US",38.6163,-109.6191,1247.5,2016-11,1939,1,3,1,0,0,0,9,0,4,0,23,0,0,0.43,76,,636,475,,,0.54,0,48.7,60.4,36.9,
USC00420336,"ARCHES NATIONAL PARK HQS, UT US",38.6163,-109.6191,1247.5,2016-12,,,3,2,1,1,,,,,,,2,1.5,0.15,,,,,,,0.26,1.5,,,,
USC00420336,"ARCHES NATIONAL PARK HQS, UT US",38.6163,-109.6191,1247.5,2017-01,0,0,11,7,5,2,0,22,4,0,0,11,2,1.5,0.3,56,,,947,,,1.37,2.8,34.4,42.5,26.5,
USC00420336,"ARCHES NATIONAL PARK HQS, UT US",38.6163,-109.6191,1247.5,2017-02,0,0,3,1,0,0,0,9,0,1,0,21,0,0,0.2,71,,,461,,,0.27,0,47.3,57.6,36.9,
USC00420336,"ARCHES NATIONAL PARK HQS, UT US",38.6163,-109.6191,1247.5,2017-03,18,18,3,0,0,0,0,4,0,15,0,24,0,0,0.07,83,,,330,,,0.16,0,54.9,68.2,41.6,
USC00420336,"ARCHES NATIONAL PARK HQS, UT US",38.6163,-109.6191,1247.5,2017-04,34,16,1,1,0,0,0,1,0,16,0,31,0,0,0.18,84,,,229,,,0.18,0,57.6,70.1,45.2,
USC00420336,"ARCHES NATIONAL PARK HQS, UT US",38.6163,-109.6191,1247.5,2017-05,150,116,6,5,0,0,0,0,0,26,3,41,0,0,0.26,93,,,74,,,0.79,0,66.4,79.4,53.3,
USC00420336,"ARCHES NATIONAL PARK HQS, UT US",38.6163,-109.6191,1247.5,2017-06,690,540,0,0,0,0,0,0,0,30,30,54,0,0,0,107,,,0,,,0,0,83,98.4,67.6,
USC00420336,"ARCHES NATIONAL PARK HQS, UT US",38.6163,-109.6191,1247.5,2017-07,1325,635,6,6,0,0,0,0,0,30,29,62,0,0,0.78,108,,0,0,,,2.49,0,86.2,99.8,72.6,
USC00420336,"ARCHES NATIONAL PARK HQS, UT US",38.6163,-109.6191,1247.5,2017-08,,,4,0,0,0,,,,,,,0,0,0.07,,,,,,,0.13,0,,,,
USC00420336,"ARCHES NATIONAL PARK HQS, UT US",38.6163,-109.6191,1247.5,2017-09,,258,2,2,0,0,0,0,0,27,14,43,0,0,0.72,102,,,42,,,0.98,0,72.5,86.5,58.4,
USC00420336,"ARCHES NATIONAL PARK HQS, UT US",38.6163,-109.6191,1247.5,2017-10,,0,4,3,0,0,0,0,0,20,0,33,0,0,0.34,84,,,260,,,0.61,0,56.3,72,40.5,
USC00420336,"ARCHES NATIONAL PARK HQS, UT US",38.6163,-109.6191,1247.5,2017-11,,0,1,0,0,0,0,8,0,7,0,23,0,0,0.04,74,,,436,,,0.04,0,50.5,63.5,37.5,
USC00420336,"ARCHES NATIONAL PARK HQS, UT US",38.6163,-109.6191,1247.5,2017-12,,0,2,2,11,2,0,29,2,0,0,6,8,5.5,0.54,66,,,996,,,0.85,8,31.8,43.4,20.2,
USC00420336,"ARCHES NATIONAL PARK HQS, UT US",38.6163,-109.6191,1247.5,2018-01,0,0,3,1,8,0,0,30,0,0,0,14,1,0.5,0.14,55,,,963,,,0.25,0.5,33.9,44.2,23.7,
USC00420336,"ARCHES NATIONAL PARK HQS, UT US",38.6163,-109.6191,1247.5,2018-02,0,0,4,2,0,0,0,20,0,0,0,23,0,0,0.8,65,,,670,,,1.02,0,41.1,51.8,30.4,
USC00420336,"ARCHES NATIONAL PARK HQS, UT US",38.6163,-109.6191,1247.5,2018-03,0,0,5,3,0,0,0,7,0,3,0,23,0,0,0.33,75,,,488,,,0.8,0,49.2,61.4,37.1,
USC00420336,"ARCHES NATIONAL PARK HQS, UT US",38.6163,-109.6191,1247.5,2018-04,29,29,1,1,0,0,0,1,0,21,0,32,0,0,0.32,87,,,190,,,0.32,0,59.6,73.1,46.2,
USC00420336,"ARCHES NATIONAL PARK HQS, UT US",38.6163,-109.6191,1247.5,2018-05,208,179,3,1,0,0,0,0,0,28,7,45,0,0,0.39,94,,,39,,,0.46,0,69.5,83.4,55.6,
USC00420336,"ARCHES NATIONAL PARK HQS, UT US",38.6163,-109.6191,1247.5,2018-06,711,503,0,0,,,0,0,0,30,28,61,,,0,108,,,0,,,0,,81.8,96.8,66.8,
USC00420336,"ARCHES NATIONAL PARK HQS, UT US",38.6163,-109.6191,1247.5,2018-07,1449,738,1,0,0,0,0,0,0,31,31,61,0,0,0.02,107,,0,0,,,0.02,0,88.8,102.2,75.4,
USC00420336,"ARCHES NATIONAL PARK HQS, UT US",38.6163,-109.6191,1247.5,2018-08,2036,587,2,1,0,0,0,0,0,31,31,60,0,0,1.16,104,,0,0,,,1.17,0,83.9,98.4,69.5,
USC00420336,"ARCHES NATIONAL PARK HQS, UT US",38.6163,-109.6191,1247.5,2018-09,2397,361,2,1,0,0,0,0,0,30,22,45,0,0,0.21,98,,2,2,,,0.24,0,76.9,91.6,62.3,
USC00420336,"ARCHES NATIONAL PARK HQS, UT US",38.6163,-109.6191,1247.5,2018-10,2420,23,11,7,0,0,0,0,0,11,0,33,0,0,0.52,87,,314,312,,,2.29,0,55.7,65.7,45.7,
USC00420336,"ARCHES NATIONAL PARK HQS, UT US",38.6163,-109.6191,1247.5,2018-11,2420,0,1,0,0,0,0,22,0,0,0,21,0,0,0.02,66,,1058,744,,,0.02,0,40.2,52.6,27.8,
USC00420336,"ARCHES NATIONAL PARK HQS, UT US",38.6163,-109.6191,1247.5,2019-01,,,7,3,,2,,,,,,,,2.5,0.24,,,,,,,0.66,4.2,,,,
USC00420336,"ARCHES NATIONAL PARK HQS, UT US",38.6163,-109.6191,1247.5,2019-02,,0,9,5,9,4,0,23,2,0,0,14,4,3.4,0.75,57,,,837,,,1.77,7,35.1,43.9,26.3,
USC00420336,"ARCHES NATIONAL PARK HQS, UT US",38.6163,-109.6191,1247.5,2019-03,,0,8,4,0,0,0,7,0,2,0,28,0,0,0.74,73,,,547,,,2.09,0,47.4,57.3,37.4,
USC00420336,"ARCHES NATIONAL PARK HQS, UT US",38.6163,-109.6191,1247.5,2019-04,,24,5,2,0,0,0,0,0,21,0,34,0,0,0.53,84,,,196,,,0.74,0,59.2,71.6,46.9,
USC00420336,"ARCHES NATIONAL PARK HQS, UT US",38.6163,-109.6191,1247.5,2019-05,,47,8,4,0,0,0,0,0,20,0,40,0,0,0.39,88,,,168,,,1.39,0,61.1,72.8,49.4,
USC00420336,"ARCHES NATIONAL PARK HQS, UT US",38.6163,-109.6191,1247.5,2019-06,,317,2,1,0,0,0,0,0,30,18,48,0,0,0.17,102,,,8,,,0.22,0,75.3,89.5,61.1,
USC00420336,"ARCHES NATIONAL PARK HQS, UT US",38.6163,-109.6191,1247.5,2019-07,,633,3,0,0,0,0,0,0,31,31,62,0,0,0.05,106,,0,0,,,0.09,0,85.4,100.6,70.2,
USC00420336,"ARCHES NATIONAL PARK HQS, UT US",38.6163,-109.6191,1247.5,2019-08,,616,0,0,0,0,0,0,0,31,31,61,0,0,0,104,,0,0,,,0,0,84.9,100.3,69.5,
USC00420336,"ARCHES NATIONAL PARK HQS, UT US",38.6163,-109.6191,1247.5,2019-09,,334,1,0,0,0,0,0,0,30,13,47,0,0,0.05,104,,5,5,,,0.05,0,76,90.6,61.4,